:020000040000FA
:40000000040E002099420008014200080142000801420008014200080142000801420008014200080142000801420008014200080142000801420008014200080142000891
:4000400001420008014200080142000801420008014200080142000801420008014200080142000801420008014200080142000801420008014200080142000801420008D0
:400080000142000801420008014200080142000801420008014200080142000801420008014200080142000801420008014200080142000801420008014200080142000890
:4000C0000142000801420008014200080142000801420008014200080142000801420008014200080142000801420008014200080142000801420008014200080142000850
:40010000014200080142000801420008014200080142000801420008014200080142000801420008014200080142000801420008014200080142000801420008014200080F
:4001400001420008014200080142000801420008014200080142000801420008014200080142000801420008014200080142000801420008014200080142000801420008CF
:40018000014200080142000801420008014200080142000801420008014200080142000801420008014200080142000801420008014200080142000801420008014200088F
:4001C000014200080142000801420008014200080142000801420008014200080142000801420008014200080142000801420008014200080142000801420008014200084F
:400200001EF0040F0DD0EFF3098000F1100090E80E102DE90E10EFF3098090E80E102DE90E1001B400B5EFF30881EFF3098003B42DE9F00F684600F0ADF8FEE78446012531
:4002400010690009FCD30F6914692009FBD2780B0CEB0026C7F34B077F0014692009F2D2A00BFAD2C4F3051056F820301B42F4D0D85B1469A30B3EBF2C049461486102D3AD
:400280002309F6D3DFE75FF0FF331B0C1069840BFCD395618B82D3E772B6074880F30888064880F309884FF0020080F31488BFF36F8F034887460000040E002005120020FA
:4002C000CD43000872B60422274B28491A604FF0FF33274A13605360264A0A60C1F8F830C1F8FC30C1F80021002223490A604A600A614B614FF0803320490B604B608B60A4
:40030000CB600B6114310B604B608B60CB600B614B618B61CB610B624B628B62CB620B634B638B63CB63164B1649103B19614FF000515961144999614FF0206143F8041CD8
:400340001249596012499A601960BFF34F8F4FF4E0211C33196082F3138882F311884FF4067243F8102C704710E000E088E100E080E100E0FFFF0F00003C014000E400E050
:4003800018ED00E0081018000000F8C00002FA0500400008FEE7000008B50748074A0021121A00F025FABDE808400548054A0649121A00F045BA00BF00000020040C002087
:4003C0000000002000000020644900082DE9F04172B6072241F607015B4B1A6019601A60A3F580631A6842F001021A601A689107FCD556490B6823F003030B60BFF36F8F41
:40040000BFF34F8F0B6813F00C0FFBD1504A136823F080731360BFF36F8FBFF34F8F4FF6FF70022304464FF47A56DFF844C1DFF844E1DFF84481474DBCFBF3F272451CD97B
:40044000B8FBF3F2AA4215D805FB03F2B2FBF6F206FB02F7B7FBF3F7AF4204D1A2423CBF1846144606E0013A06FB02F7B7FBF3F7AF42F3D00133402BDED1374B40F0A06023
:4004800040EA84101860BFF36F8FBFF34F8F043B1A6842F080721A601A6822F400221A60BFF36F8FBFF34F8F1A689201FCD54FF4344303220B60244B1A60BFF36F8FBFF378
:4004C0004F8F41F603001860BFF36F8FBFF34F8F1A60BFF36F8FBFF34F8F40F203721A600B6823F0030343F002030B60BFF36F8FBFF34F8F0B6803F00C03082BFAD1174A0E
:40050000174B13601362002353605362936093624FF08053136113634FF4804353615363FFF73AFFFFF7CEFEBDE8F04104220D4B0D491A600D4A043141F8042C0A600522F7
:400540001A6000F01BB800BF003C0240083802400038024080A903000438024030380240FF81670010E000E014E000E0BFD40100007869007FA9030000E02E008B4B80B56D
:400580005A688B4942F008025A601A6822F0C00242F040021A60DA6822F0C002DA609A6822F0C0029A6008229A610A6842F480420A600A6A42F480420A62BFF34F8FBFF338
:4005C0006F8F01217B4A11601168CD05FCD508225A604FF402725A61774A40F241111A60764A7748DA604FF480229A604FF6FF7302F18042A2F5FE32536053614FF055337B
:4006000013600023D3609360C2F804140121C2F81414C2F800046B480224C2F80C04C2F808144FF0AA31C2F80438C2F81438C2F80038C2F80C18C2F8083802F540625360C5
:4006400053611360D1609360C2F80434C2F81434C2F80034C2F80C14C2F80834C2F80438C2F81438C2F80038C2F80C18C2F80838C2F8043CC2F8143CC2F8003CC2F80C1CDB
:40068000C2F8083CBC224FF47A764F4B4F4F504D1A603A682868013206FB02F3B3FBF6F3101A03442968511A994246D3012C42D13E4A1369116983F080034C061169C3F353
:4006C000C013126958BF43F00203880658BF43F00403D106354A58BF43F0080312693D4C520758BF43F010034FF4006200213A48236000F07DF8206800F00F000F283AD021
:4007000042F2010642F2020E42F2100C334B324F9A5D032A2FD103F50052117807292AD81A1812F80E2007EB0121112A1DD00BD8EAB16344ECE70124ABE7884202D99A42EC
:40074000B4D89B1A0846ADE7222A12D0332AF0D108240022144204D151F822500DB941F822300132402AF5D1E3E70124F1E72024EFE70224EDE71A491A4A21F001011A4C07
:4007800022F00102521A0832204600F059F84FF40022064B44F001049A6102F18042A2F5BF2212490C48A047FEE700BF000002404438024020380140400004281655824252
:4007C000011001006845A4A60070004014E000E018E000E00004002004040020008000083D4200089842000800000020000402408446EAB110F0030F04D000F8011B013A57
:40080000F8D1704701F0FF0141EA012141EA0141043A28BF40F8041BFAD809D0043200F8011B013A04D000F8011B013A00D0017060467047FFFFFFFFFFFFFFFFFFFFFFFF2C
:400840008AB38446431A13F0030F2DD1072A24DD11F0030317D011F8013B0CF8013B013A21D011F003030ED011F8013B0CF8013B013A18D011F0030305D011F8013B0CF87E
:40088000013B013A0FD051F8043B043A28BF4CF8043BF8D807D00432043911F8013B0CF8013B013AF9D1704711F0010F05D011F8013B0CF8013B013AF5D011F0020F0AD000
:4008C00031F8023B0CF8013B013AECD01B0A0CF8013B013AE7D0043A30D31CF0030F27D01CF0010F14D003E0AFF30080AFF3008051F8043B0CF8013B1B0A2CF8023B1B0C12
:400900000CF8013B043AF3D218E000BFAFF3008051F8043B2CF8023B1B0C2CF8023B043AF6D20BE0AFF30080AFF30080AFF3008051F8043B4CF8043B043AF9D20432B2D007
:2409400012F0020F06D031F8023B0CF8013B1B0A0CF8013B12F0010F1CBF0B788CF80030704700BF05
:40400000FFFFFFFFFFFFFFFFFFFFFFFFFFFFFFFFFFFFFFFFFFFFFFFFFFFFFFFFFFFFFFFFFFFFFFFFFFFFFFFFFFFFFFFFFFFFFFFFFFFFFFFFFFFFFFFFFFFFFFFFFFFFFFFFC0
:40404000FFFFFFFFFFFFFFFFFFFFFFFFFFFFFFFFFFFFFFFFFFFFFFFFFFFFFFFFFFFFFFFFFFFFFFFFFFFFFFFFFFFFFFFFFFFFFFFFFFFFFFFFFFFFFFFFFFFFFFFFFFFFFFFF80
:40408000FFFFFFFFFFFFFFFFFFFFFFFFFFFFFFFFFFFFFFFFFFFFFFFFFFFFFFFFFFFFFFFFFFFFFFFFFFFFFFFFFFFFFFFFFFFFFFFFFFFFFFFFFFFFFFFFFFFFFFFFFFFFFFFF40
:4040C000FFFFFFFFFFFFFFFFFFFFFFFFFFFFFFFFFFFFFFFFFFFFFFFFFFFFFFFFFFFFFFFFFFFFFFFFFFFFFFFFFFFFFFFFFFFFFFFFFFFFFFFFFFFFFFFFFFFFFFFFFFFFFFFF00
:40410000FFFFFFFFFFFFFFFFFFFFFFFFFFFFFFFFFFFFFFFFFFFFFFFFFFFFFFFFFFFFFFFFFFFFFFFFFFFFFFFFFFFFFFFFFFFFFFFFFFFFFFFFFFFFFFFFFFFFFFFFFFFFFFFFBF
:40414000FFFFFFFFFFFFFFFFFFFFFFFFFFFFFFFFFFFFFFFFFFFFFFFFFFFFFFFFFFFFFFFFFFFFFFFFFFFFFFFFFFFFFFFFFFFFFFFFFFFFFFFFFFFFFFFFFFFFFFFFFFFFFFFF7F
:40418000FFFFFFFFFFFFFFFFFFFFFFFFFFFFFFFFFFFFFFFFFFFFFFFFFFFFFFFFFFFFFFFFFFFFFFFFFFFFFFFFFFFFFFFFFFFFFFFFFFFFFFFFFFFFFFFFFFFFFFFFFFFFFFFF3F
:4041C000FFFFFFFFFFFFFFFFFFFFFFFFFFFFFFFFFFFFFFFFFFFFFFFFFFFFFFFFFFFFFFFFFFFFFFFFFFFFFFFFFFFFFFFFFFFFFFFFFFFFFFFFFFFFFFFFFFFFFFFFFFFFFFFFFF
:40420000FFFFFFFFFFFFFFFFFFFFFFFFFFFFFFFFFFFFFFFFFFFFFFFFFFFFFFFFFFFFFFFFFFFFFFFFFFFFFFFFFFFFFFFFFFFFFFFFFFFFFFFFFFFFFFFFFFFFFFFFFFFFFFFFBE
:40424000FFFFFFFFFFFFFFFFFFFFFFFFFFFFFFFFFFFFFFFFFFFFFFFFFFFFFFFFFFFFFFFFFFFFFFFFFFFFFFFFFFFFFFFFFFFFFFFFFFFFFFFFFFFFFFFFFFFFFFFFFFFFFFFF7E
:40428000FFFFFFFFFFFFFFFFFFFFFFFFFFFFFFFFFFFFFFFFFFFFFFFFFFFFFFFFFFFFFFFFFFFFFFFFFFFFFFFFFFFFFFFFFFFFFFFFFFFFFFFFFFFFFFFFFFFFFFFFFFFFFFFF3E
:4042C000FFFFFFFFFFFFFFFFFFFFFFFFFFFFFFFFFFFFFFFFFFFFFFFFFFFFFFFFFFFFFFFFFFFFFFFFFFFFFFFFFFFFFFFFFFFFFFFFFFFFFFFFFFFFFFFFFFFFFFFFFFFFFFFFFE
:40430000FFFFFFFFFFFFFFFFFFFFFFFFFFFFFFFFFFFFFFFFFFFFFFFFFFFFFFFFFFFFFFFFFFFFFFFFFFFFFFFFFFFFFFFFFFFFFFFFFFFFFFFFFFFFFFFFFFFFFFFFFFFFFFFFBD
:40434000FFFFFFFFFFFFFFFFFFFFFFFFFFFFFFFFFFFFFFFFFFFFFFFFFFFFFFFFFFFFFFFFFFFFFFFFFFFFFFFFFFFFFFFFFFFFFFFFFFFFFFFFFFFFFFFFFFFFFFFFFFFFFFFF7D
:40438000FFFFFFFFFFFFFFFFFFFFFFFFFFFFFFFFFFFFFFFFFFFFFFFFFFFFFFFFFFFFFFFFFFFFFFFFFFFFFFFFFFFFFFFFFFFFFFFFFFFFFFFFFFFFFFFFFFFFFFFFFFFFFFFF3D
:4043C000FFFFFFFFFFFFFFFFFFFFFFFFFFFFFFFFFFFFFFFFFFFFFFFFFFFFFFFFFFFFFFFFFFFFFFFFFFFFFFFFFFFFFFFFFFFFFFFFFFFFFFFFFFFFFFFFFFFFFFFFFFFFFFFFFD
:40440000FFFFFFFFFFFFFFFFFFFFFFFFFFFFFFFFFFFFFFFFFFFFFFFFFFFFFFFFFFFFFFFFFFFFFFFFFFFFFFFFFFFFFFFFFFFFFFFFFFFFFFFFFFFFFFFFFFFFFFFFFFFFFFFFBC
:40444000FFFFFFFFFFFFFFFFFFFFFFFFFFFFFFFFFFFFFFFFFFFFFFFFFFFFFFFFFFFFFFFFFFFFFFFFFFFFFFFFFFFFFFFFFFFFFFFFFFFFFFFFFFFFFFFFFFFFFFFFFFFFFFFF7C
:40448000FFFFFFFFFFFFFFFFFFFFFFFFFFFFFFFFFFFFFFFFFFFFFFFFFFFFFFFFFFFFFFFFFFFFFFFFFFFFFFFFFFFFFFFFFFFFFFFFFFFFFFFFFFFFFFFFFFFFFFFFFFFFFFFF3C
:4044C000FFFFFFFFFFFFFFFFFFFFFFFFFFFFFFFFFFFFFFFFFFFFFFFFFFFFFFFFFFFFFFFFFFFFFFFFFFFFFFFFFFFFFFFFFFFFFFFFFFFFFFFFFFFFFFFFFFFFFFFFFFFFFFFFFC
:40450000FFFFFFFFFFFFFFFFFFFFFFFFFFFFFFFFFFFFFFFFFFFFFFFFFFFFFFFFFFFFFFFFFFFFFFFFFFFFFFFFFFFFFFFFFFFFFFFFFFFFFFFFFFFFFFFFFFFFFFFFFFFFFFFFBB
:40454000FFFFFFFFFFFFFFFFFFFFFFFFFFFFFFFFFFFFFFFFFFFFFFFFFFFFFFFFFFFFFFFFFFFFFFFFFFFFFFFFFFFFFFFFFFFFFFFFFFFFFFFFFFFFFFFFFFFFFFFFFFFFFFFF7B
:40458000FFFFFFFFFFFFFFFFFFFFFFFFFFFFFFFFFFFFFFFFFFFFFFFFFFFFFFFFFFFFFFFFFFFFFFFFFFFFFFFFFFFFFFFFFFFFFFFFFFFFFFFFFFFFFFFFFFFFFFFFFFFFFFFF3B
:4045C000FFFFFFFFFFFFFFFFFFFFFFFFFFFFFFFFFFFFFFFFFFFFFFFFFFFFFFFFFFFFFFFFFFFFFFFFFFFFFFFFFFFFFFFFFFFFFFFFFFFFFFFFFFFFFFFFFFFFFFFFFFFFFFFFFB
:40460000FFFFFFFFFFFFFFFFFFFFFFFFFFFFFFFFFFFFFFFFFFFFFFFFFFFFFFFFFFFFFFFFFFFFFFFFFFFFFFFFFFFFFFFFFFFFFFFFFFFFFFFFFFFFFFFFFFFFFFFFFFFFFFFFBA
:40464000FFFFFFFFFFFFFFFFFFFFFFFFFFFFFFFFFFFFFFFFFFFFFFFFFFFFFFFFFFFFFFFFFFFFFFFFFFFFFFFFFFFFFFFFFFFFFFFFFFFFFFFFFFFFFFFFFFFFFFFFFFFFFFFF7A
:40468000FFFFFFFFFFFFFFFFFFFFFFFFFFFFFFFFFFFFFFFFFFFFFFFFFFFFFFFFFFFFFFFFFFFFFFFFFFFFFFFFFFFFFFFFFFFFFFFFFFFFFFFFFFFFFFFFFFFFFFFFFFFFFFFF3A
:4046C000FFFFFFFFFFFFFFFFFFFFFFFFFFFFFFFFFFFFFFFFFFFFFFFFFFFFFFFFFFFFFFFFFFFFFFFFFFFFFFFFFFFFFFFFFFFFFFFFFFFFFFFFFFFFFFFFFFFFFFFFFFFFFFFFFA
:40470000FFFFFFFFFFFFFFFFFFFFFFFFFFFFFFFFFFFFFFFFFFFFFFFFFFFFFFFFFFFFFFFFFFFFFFFFFFFFFFFFFFFFFFFFFFFFFFFFFFFFFFFFFFFFFFFFFFFFFFFFFFFFFFFFB9
:40474000FFFFFFFFFFFFFFFFFFFFFFFFFFFFFFFFFFFFFFFFFFFFFFFFFFFFFFFFFFFFFFFFFFFFFFFFFFFFFFFFFFFFFFFFFFFFFFFFFFFFFFFFFFFFFFFFFFFFFFFFFFFFFFFF79
:40478000FFFFFFFFFFFFFFFFFFFFFFFFFFFFFFFFFFFFFFFFFFFFFFFFFFFFFFFFFFFFFFFFFFFFFFFFFFFFFFFFFFFFFFFFFFFFFFFFFFFFFFFFFFFFFFFFFFFFFFFFFFFFFFFF39
:4047C000FFFFFFFFFFFFFFFFFFFFFFFFFFFFFFFFFFFFFFFFFFFFFFFFFFFFFFFFFFFFFFFFFFFFFFFFFFFFFFFFFFFFFFFFFFFFFFFFFFFFFFFFFFFFFFFFFFFFFFFFFFFFFFFFF9
:40480000FFF7FFF7FFF7FFF7FFF7FFF7FFF7FFF7FFF7FFF7FFF7FFF7FFF7FFF7FFF7FFF7FFF7FFF7FFF7FFF7FFF7FFF7FFF7FFF7FFF7FFF7FFF7FFF7FFF7FFF7FFF7FFF7B8
:40484000FFF7FFF7FFF7FFF7FFF7FFF7FFF7FFF7FFF7FFF7FFF7FFF7FFF7FFF7FFF7FFF7FFF7FFF7FFF7FFF7FFF7FFF7FFF7FFF7FFF7FFF7FFF7FFF7FFF7FFF7FFF7FFF778
:40488000FFF7FFF7FFF7FFF7FFF7FFF7FFF7FFF7FFF7FFF7FFF7FFF7FFF7FFF7FFF7FFF7FFF7FFF7FFF7FFF7FFF7FFF7FFF7FFF7FFF7FFF7FFF7FFF7FFF7FFF7FFF7FFF738
:4048C000FFF7FFF7FFF7FFF7FFF7FFF7FFF7FFF7FFF7FFF7FFF7FFF7FFF7FFF7FFF7FFF7FFF7FFF7FFF7FFF7FFF7FFF7FFF7FFF7FFF7FFF7FFF7FFF7FFF7FFF7FFF7FFF7F8
:40490000FFF7FFF7FFF7FFF7FFF7FFF7FFF7FFF7FFF7FFF7FFF7FFF7FFF7FFF7FFF7FFF7FFF7FFF7FFF7FFF7FFF7FFF7FFF7FFF7FFF7FFF7FFF7FFF7FFF7FFF7FFF7FFF7B7
:40494000FFF7FFF7FFF7FFF7FFF7FFF7FFF7FFF7FFF7FFF7FFF7FFF7FFF7FFF7FFF7FFF7FFF7FFF7FFF7FFF7FFF7FFF7FFF7FFF7FFF7FFF7FFF7FFF7FFF7FFF7FFF7FFF777
:40498000FFF7FFF7FFF7FFF7FFF7FFF7FFF7FFF7FFF7FFF7FFF7FFF7FFF7FFF7FFF7FFF7FFF7FFF7FFF7FFF7FFF7FFF7FFF7FFF7FFF7FFF7FFF7FFFFF5FF41001FFF20EAAA
:4049C0004300E0F5BFF458FF3D5A18FD5FFF37DAFFF5067E36740978117E01FC76CFEC6D366AFD787CF3FEFF37EAFDFE6FEFBFEFF8FF3C6A01FC764F87013EEA587F3DEAF7
:404A0000FFFFFFFFFFFFFFFFFFFFFFFFFFFFFFFFFFFFFFFFFFFF5FFF8501870178FFFDFFCDFEFEFF20EA78FFCEFF3AEAF8FCEDFFDFFF00CAE7FFFFBF00EA78FFCFFF3AEAF4
:404A4000BB81FB7ED7FF007400003EEACDFFC0F578FFD0FF3AEABB81FB7EC1FF007400003EEAB9FFF8FF00EA78FFD1FF3AEA7B81087EA9FF007400003DEAF6FC3EF59BFF8B
:404A80002F60F9FEFBFF3EEAC7FE3FEA78FFD2FF3AEAFCFC87FFDFFF00CA78FFD3FF3AEAFC7E79FF0074BE81FFF33EEA6FFFFCFF00EACDFEE0F5FFFFE87261FFC0F57FFFC4
:404AC000E872FDFFD9FE3198C10A31EAFAFE78FFD4FF3AEA5FFF45FFBFFF00EA4BFFD9FE20984BFFCB0A20EAFFFFE87278FFD5FF3AEAFCFCCDFE20F45FFFFFFFE87278FF5D
:404B0000D6FF3AEAFC7F15FF007478FFD7FF3AEAFC7F09FF00F478FFD8FF3AEABA81FBFDFBFEDFFF00CA00003EEA78FFD9FF3AEAFCFCE9FEBFFF00CA78FFDAFF3AEAFCFCDD
:404B4000DBFEDFFF00CAFAFF78FFDBFF3AEAFCFDCBFEBFFF00CAC5FEBFFF00EA7FFFE872C9FEE0F5CBFEE0F5CDFEE0F54BFFD9FE20984BFF250A20EAFAF5B100B30078FFB9
:404B8000C1FE3BE8F7FFC06FFDFEDEFF3AEAF8803B81FA7EE9FF007400003CEAFBFF3BEAF1FEFDFF08F6F9FF08F6F5FF3FEAFFFFE8727FFF7DFF20EAC5FFC0F57FFFE872FC
:404BC000E1FEDCFF3AEA3B81FE8000003BEAADFFC06FFBFF3CEAF4FCBF6B7CEA7CEAD2FEDDFF3AEA3E8100003CEA93FFBFFF00EAD9FE3E989C0E3EEA7FFFD9FE20987FFF9E
:404C0000DD0B20EABB81FE8100003FEAFBFF3EEA0FFDBF6B67FFC06FB5FEDEFF3AEA3881FB80FA7E59FF007400003BEAFBFF3CEAF1FED9FE3E98D00E3EEAFFFFE872DFFF68
:404C40003AEAFDFC39FFBFFF00CA33FFC0F5E0FF3AEAFDFD29FFBFFF00CA23FFBFFF00EA91FEE1FF3AEAFCFC15FFBFFF00CA8AFEE2FF3AEAFC7E07FF007484FEE3FF3AEAC9
:404C8000FC7FFBFE00F4FAFFFAF5C1FEE0EEEFFEBFFF00EA7FFFE8727DFFE0F57FFF7DFF20EA89008B008D008F0078FF05FDF5FF006B027FF1FF007478FFE7FF3AEA78FF70
:404CC000EBFF3AEA78FFECFF3AEA390188FF03FCF5FF365A78FFE4FF3AEAFCFCC9FFBFFF00CAC3FFC0F578FFE5FF3AEAFCFCBBFFBFFF00CAB5FFC0F57EF5A9FFDFFF00EA9A
:404D0000027FA3FF00742CFDEE5F99FFC0EF7F003FBA95FF3FE0FDFFFDFF7FFF09AAF1EFD9FE3F98150D3FEA78FFE6FF3AEA5FFFFFFFE872CBFFD9FE2098CBFFBD0C20EAC6
:404D4000CFFFD9FE2098CFFF270D20EA027F5BFF007478FF51FFC0F551FFC0F5E8FF3AEAF8FE027F41FF00747EF539FFDFFF00EA027F33FF0074F4FDEE5F29FFC0EF7F0096
:404D80003FBA25FF3FE0FDFFFDFF7FFF09AAD9FE3198850D31EA78FFE9FF3AEA5FFF07FFBFFF00EACBFFD9FE2098CBFF950D20EAFDFFD9FE3198AF0D31EA78FFEAFF3AEAEC
:404DC0005FFFE7FEBFFF00EACFFFD9FE2098CFFFB90D20EA5FFFFFFFE872027FCDFE0074C9FF1FFF20EACBFFD9FE2098CBFFC30C20EACDFF1FFF20EACFFFD9FE2098CFFF4C
:404E0000C90C20EAB3FE08F6D9FE3E98E20E3EEAD9FE3C98010F3CEA78FFEDFF3AEAFCFC89FEBFFF00CA78FFEEFF3AEAFCFC77FEBFFF00CAFAFF78FFEFFF3AEAFCFD6BFE4F
:404E4000BFFF00CA65FEBFFF00EA78FFF0FF3AEAFCFD53FEBFFF00CA4DFEBFFF00EA7FFFE872C9FFE0F5CBFFC9FF20EACDFFE0F5CFFFCDFF20EAFAF5FFFF9EF0958C999A2B
:404E80009A8D918BDF96989091909387939A9E939E8DDF8F949E9A8D90888F8DFFF1C0F5D6C2D8D7DAD9DCDBDEDDD1D4A6A5A8A7AAA9ACABAEADB0AFB2B1B4B3B6B5B8B7FB
:404EC000BAB9BCBBBEBDC7C6C9C8CBCACDCCCFCEFFF5F2F5DFB4DFAADFBCDFB5DFCBDFCCDFCDF5CEF2F5C5F0938688909692DF8C969A9F829B8A939ADF8C8B9A9B96889A94
:404F0000F188F0FFDFDF87DF8E8B9E92F18FF0FFDFDF8BDF9A949A99F19BF0FFDFDFDFDF8BDF9A8CF18BF2F55F11D1119F15C112FB12790BA10C770E9F15C112FB12FFFF8C
:404F400078FF130808F63B0808F6FDFF3C1ADDFE3CE84B0808F6D2FF3FEA270808F6DFFE3CE8490808F6D9FE3C980D0F3CEA78FFE50708F60D0808F6C3FE3CE8050808F6F6
:404F8000C5FE3CE8FD0708F6C7FE3CE878FFC70708F6FC7DC7FF3ADAFCFDFDFFE85ECD0708F6FDFF3EEABCF3BCF33CFFBC6EFCF5FB0708F6D9FE3C98190F3CEA990708F60D
:404FC000C3FEA0EFC5FE60EFC7FEE0EF78FF870708F6990708F6FEFF3EEABCF3BCF3BCF3BCF3BCF33CFFFC6EFCF5C10708F6D9FE3C98270F3CEA78FFFFFF3100F3FF20AAC5
:40500000FBFCFF003BCA01FD7DF5FF0F3DEABDFF08F6F9FC3AF437F6D9FE3F987FEDD9FE3D983F0F3D9A7D9FFD6EFDF541FF08F6FDFDFDFF3B5A01FD7DF5FF0F3DEAB7FF3E
:4050400008F61D0608F6FFFF08F6EFFE39EAFF013BAAD1FE3BE8FFFF3100F3FF20AA05FDF9FF3BDAE1FF08F67BF5E90508F6FFE1381A03FDFFD13FDAEEEBFFFD3EEAFFDF04
:405080003FEABBFF08F6DDFEFFDF20EADFFE7FFE20EAFF013BAAFDFDD1FEFDFF20DAB50508F6FFE1389A03FDFFEF3FDAEEEBFFDF3EEAFFFD3FEA8FFF08F6D70508F6DFFE8C
:4050C000FFDF20EA7BF5FEFF3BEAC5FDD1FEFDFF20DAF9FCD1FE20F43B0688FF69FF08F6EFFE39EAFEFF3BEA78FFE9FF3AEAFDFCBFDF78FFEAFF3AEAFCFD80003CBA9300D7
:405100003CE878FFEBFF3AEAFCFC80803CBA97003CE801FD7DF5FF033DEA95003EE878FFECFF3AEAFCFD80003DBA97003DE801FD7DF5FF033DEA9100E0EF78FFFDFF08F6AD
:405140000AFF3FEAF5FF08F6EAFF3FEA9300FFBF20AA9300BFFF20BA9700BFFF20BAFAF578FFEDFF3AEAFDFCBFDF78FFEEFF3AEAFCFD80003CBA8B003CE878FFEFFF3AEA48
:40518000FCFC80803CBA8F003CE801FD7DF53F003DEA8D003EE878FFF0FF3AEAFCFD80003DBA8F003DE801FD7DF5FF013DEA8900E0EF78FFFDFF08F655FF3FEAF5FF08F648
:4051C000AAFF3FEA8F00BFFF20BA8B00BAFF20BAFAF515FEC0C03DEA02FDFCDF6F6F78FF0EFDDFFE3FD878FFFDFF3AEA78FFFCFF3AEAFCFDC0C03DDAF6FCBDDFFEE702FD92
:40520000FCDF6FEF20FE01003DEA1FFC3EF41BFEBEF5DFFE3FE801003DEA78FFFEFC3EF4F67DDDFE3FD8FFDF3F9A0D793DF3FDFE0A783DF3FCFC3EF478FFFEEDFAFF3AEADF
:40524000FBFC77DF77EFFEFF3DEAFEF50AFDDFFE3FD878FFFBFF3AEAFCFCBDDFFEE7FDFF3D1A7FEFA70008F604FD3DDFFDFF3D9A6FEFDFFE3DE878FFFEFC3AF487FF08F682
:40528000BDF578FFFEFC3AF47BFF08F681003DE278FFFEFC3AF447FF08F6C0FF3DEA78FFFEFC3AF45FFF08F6BDF578FFFEFC3AF453FF08F65B003DE2FAF5DDFE3CE8DFFEDB
:4052C0003FE878FFFEFF3AEAFDFCD7FE20DF07FDB7093FDAF9FF3F9AFDFD7FDFFC9BB7093EEAFF1F3FEAD9FE3D98F7123DEAFCF5FAF5D7FEAAA620EA7F00E0F578FF03FDA0
:405300003EF501FD7FF5FFF5FBFF3EEA5555000078FFE3FFC7FE20E879EFF9FFC0FF3CEA78FFE3FFC7FE20E8F1FF3AEAF6FCC0FF3CDAFF76E1FF2072E3FFD9FE2098E3FF62
:405340001F1320EAF3FFC5FE20E879EF09FDFCDD7FEE78FFF3FFC5FE20E879EFF2FF3AEAFDFF19EFEFFF19EAD9FE3C985F133CEAFFFF37EAFDFF3F9AF3FF3FEAF3FF20EF87
:4053800051133C9AD9FE3CE8F7FFC1FE20E879EF0EFDFCDDFDFF3C1AD9FE3C98AD133CEA7FEE78FFF7FFC1FE20E8F3FF3AEAFDFF2889FFFF37EAFDFF3F9AF7FF3FEAF7FF5F
:4053C00020EFA1133C9AD9FE3CE8FBFFC3FE20E879EF08FDFCDD7FEE78FFFBFFC3FE20E8F4FF3AEABCFFD9FE3C98E3133CEAFBFF20EFD7133C9AD9FE3CE879EF09FDFCDDC5
:40540000D9FE3C980F143CEA7FEE78FFF5FF3AEA0100A0EFFFFF37EAFDFF3F9AFBFF3FEAFBFF20EF09143C9AD9FE3CE8C7FEE3FF20E8C5FEF3FF20E8C1FEF7FF20E8C3FEF4
:40544000FBFF20E87DEE0FFD7F00E0FD20DA7F00609F3D9FCF0008F6DCFF3D9AC70008F678FFF6FF3AEA7881BB0008F63D8701003CEAF6FEFEFEAD0008F63DF2A70008F623
:4054800019F940FF17F850FF15FB57FF13FA127F47FF107E57FF0E7B4DFF0C7A5DFF0A7D4BFF087C5BFF06785EFF04794EFF78FFF7FF3AEA78FFF8FF3AEAF9FC7F001AFE55
:4054C00020DA7F00A09D5D0008F636FF570008F636F37F00609F4D0008F676F4BDED76F3430008F6B6F37F00609F390008F6B6F4BDEDF6F32F0008F6F6F4290008F636F55D
:40550000230008F636F41D0008F676F5170008F6B6F5110008F6F6F578FF7F00E09F0F003FBA3F72C8FEF9FF3AEAF6FC7F003D0020DA7F00A09FEDFF08F6F7FD79003EDAFB
:40554000E3FF08F6BEE5DDFF08F6A6EDFDFF3E9AD3FF08F6FDFF79000EEAC9FF08F6B1FD36C2FEFF361ABDFF08F679001E1AB5FF08F6FEFF2EAAADFF08F67900BE91A5FF69
:4055800008F68DFD3EB29DFF08F67900790020EA50FFFF72F0FF3FBA3F727F00E0F5FAF52917A0FF3100F3FF20AAF5FF41001CFB20EA4300D9FE20984300A91520EACFFE75
:4055C00060F5EFFE39EAFEFFFEFCCFFE20F49100D3FE20A8D3FEF7FF20AAFFFF3100F3FF20AAE9F908F6C6FF3AEAF7FCD1FE000020DAFFFF3100F3FF20AAD1F908F6C5FFCC
:405600003AEAFEFF9100D3FE20A8D3FEF8FF20AAF8FDD1FE000020DA78FFFEFDD5FEA0DF0AFDFDDFD9FE3C98F7123CEAF9FF3F9AF9FDFCDFFE9BD9FE3D98170A3DEAD9FE48
:405640003F98DB173FEAFEF5170008F6D5FEF25B20EA3CEE78FFD9FEE0EF5D163F1A3FEE78FFDDFE20EF01E03C1AFBFFC1FE20E879EF03FEFFDF3C9AF4EF01C03CEA7DEE1B
:40568000F7F5D9FE2F98711637EAC1FEE0EDFBFF3FEA78FF9100D3FE20A8D3FEE02ED3FEF8FF20BA78FF99FD3AF437F6D9FE3F987FEDD9FE3D98330F3D9A7D9FFD6EFDF527
:4056C000E3FF08F618FE45FC08F6D9FF08F6FEFF3BEA09FDFAFFE85E33FC08F6C7FF08F6E3FF08F67BF5DDFEFF1F20EADFFEFFDF20EAEFFE39EA7FFEA0FF3100F3FF20AA16
:4057000003FDDB173EDAAFEBFD173EEA7FFE3FEAEFFE39EAF7FB08F6ABFF08F643FF08F6FEFF3BEAD1FE000020EACFFEE0F59100F0FF20BAD3FEE0F5EFFE39EA78FF5F0078
:4057400008F6F5FF3FEA570008F6F2FF3FEA4F0008F6F2FF3FEA78FF450008F6DFFF3FEA0DFEBFF3BCF3BFF3BCF3FFF5F9FC3EF52D0008F6CFFF3F9ABFF3BCF3FFF5F9FF6F
:405780003EEA78FF8900E06F0AFC8B007FFF20CAA3FF3FEAFDFD80FF3F5A7FFF3FBA78FF05FEFBFF08F63F6BFBFC34742BF988FFA0FCD1FE000020DABFFFFFFE20EAFFFE98
:4057C000FDFF20EA047DFFFE3EDAEEF5EEEFFEF5D9FE3F98F1153FEA7BFE08F6F5FF4100E0F54300DBFD20EA3100F3FF20BA03FDFF09A8DFAFEBFFFD3FEAFF173EEA9EFEB2
:40580000FFFFFFFFFFFFFFFFFFFFFFFFFFFFFFFFFFFFFFFFFFFFFFFFFFFFFFFFFFFFFFFFFFFFFFFFFFFFFFFFFFFFFFFFFFFFFFFFFFFFFFFFFFFFFFFFFFFFFFFFFFFFFFFFA8
:40584000FFFFFFFFFFFFFFFFFFFFFFFFFFFFFFFFFFFFFFFFFFFFFFFFFFFFFFFFFFFFFFFFFFFFFFFFFFFFFFFFFFFFFFFFFFFFFFFFFFFFFFFFFFFFFFFFFFFFFFFFFFFFFFFF68
:40588000FFFFFFFFFFFFFFFFFFFFFFFFFFFFFFFFFFFFFFFFFFFFFFFFFFFFFFFFFFFFFFFFFFFFFFFFFFFFFFFFFFFFFFFFFFFFFFFFFFFFFFFFFFFFFFFFFFFFFFFFFFFFFFFF28
:4058C000FFFFFFFFFFFFFFFFFFFFFFFFFFFFFFFFFFFFFFFFFFFFFFFFFFFFFFFFFFFFFFFFFFFFFFFFFFFFFFFFFFFFFFFFFFFFFFFFFFFFFFFFFFFFFFFFFFFFFFFFFFFFFFFFE8
:40590000FFFFFFFFFFFFFFFFFFFFFFFFFFFFFFFFFFFFFFFFFFFFFFFFFFFFFFFFFFFFFFFFFFFFFFFFFFFFFFFFFFFFFFFFFFFFFFFFFFFFFFFFFFFFFFFFFFFFFFFFFFFFFFFFA7
:40594000FFFFFFFFFFFFFFFFFFFFFFFFFFFFFFFFFFFFFFFFFFFFFFFF39FE487F3DEAF5FF41001FFF20EA4300E0F5BFF458FF3D5A1AFD5FFF37DAFFF5067E36740978137E4A
:4059800001FC76CFEC6D366AFD787CF3FEFF37EAFDFE6FEFBFEFF8FF3C6A01FC764F87013EEA5B00E0F58701FFBF20EA3100FBFF20BA3100F7FF20AAF5FF4300B71920EA0D
:4059C00041001FFF20EA3100FBFF20AA587F3DEA8F0488FFDF0308F661003CE80AFE110048F5FFF0FDFF8D63017F367476F515FF3DEAE9FF3EE2C70088FF3FFF32BAFAFF52
:405A0000EDFFCEAF00F03FBAFEEF4300E0EFB881F70408F66D00DFEE20EA3BE7DB193CEAF2FF3EEAE30408F66D009FEE20EA0BFC3EF406FC3FF4710488FF6100EFFF20EA9E
:405A40000E79FFDF3F9A1E083EEABD0408F66D0077EF20EAB30408F66D00FDED20EAFEF5FFF55B001E0820EA5FFCDFFF3ECADF0388FFFF1F3ABA7AF37AF37AF3F1FF5B0028
:405A8000E0F54300470020E84100450020E879EA7AEA7BEA7CEA7DEA7EEA7FEA550039EAF5FF5B00E0F579EC7AEA7BEA7CEA7DEA7EEA7FEA550039EA41001FFF20EA43009B
:405AC000A0EEFAFF190208F6FFF5130208F6FFF519FE59003D9816FEBD9EFDFCDFFF3ECAFDFF3D9A1FFDBFFE3ECA1EFCEFFF3ECA69FE830208F6481D3CEA63003DE8FDFCBE
:405B0000BFFF3ECABDEEFEFE59003DE8FCFDDFFF3ECAFFFE3EBA08FCEFFF3ECA430388FFEFFF3EBA8B0188FF3BFE45003DEABFFF3EAA210388FFFD9F3FF3FEAFB8FF3EBAC6
:405B400007003FBAF1FDCFFF3CDA78003CBA55003DEAEFFCACFF3F5A850108F6FCEF630108F6DFFF3EBAFFFE3EAA0D0388FFE3FE430208F67CED670108F6D0FF3FEA5F01CC
:405B800008F6CFFF3F9A07003FBABFEF510108F6ADFF3FEAFEAFF8FF3EBA07003FBACBFE130208F6FFF73EBA5F0308F66D007CED20EA2B0108F6D0FF3F6AF90108F67CEFC2
:405BC000FFF73EAAECFE3FF547003DEAFDFD57003DDA10FEFDFF3D1AE2FE7FF555003DEAFDFD45003DDAF5FC7FFF3ECABFEFEAFCFFFE3ECAFDFF3D9AEFFC7FFF3ECA92FD69
:405C0000BFFF3ECA250308F66D00B5EE20EA2EFDBFFF3ECAF7FCDFFF3ECAC30008F6F2FF3FEA82FCEFFF3ECAB50008F6F5FF3FEA7FFF3EBAF9FE7FFF3EAAB2FE390108F6BA
:405C4000531D3CEAEFFF3EBAE10208F66D00B5EE20EAFAFED50208F66D00B5AE20EACB0208F66D00F5F520EAEF003ABAF2FCBFFF3ECAEAFCEFFF3ECAE7FCDFFF3ECA5F003F
:405C800008F6F5FF3FEA8CFE2B0108F67B0208F66D007CED20EABFFE3EBABDEEFCFCDFFF3ECAEFFF3EAA68FE350008F6C0FF3F6A78FF7FFF3FBA8D003F6803FC8F007FFF77
:405CC00020CA78FF8900E06F0AFC8B007FFF20CAA3FF3FEAFDFD80FF3F5A7FFF3FBA871F951FDF1EA31F5D19CF19131713171317131713175510E710F11D131E7B1A6D1A1E
:405D00007B1A9F1ACF1A691BEF1A1B1B331C391C851CA51CDB19691B78FF3100F7FF20AAFFFF3100F7FF20BAFFFFABBBB3A3AF80ADB8BFA0F5A1D0F2DBB2F0FF858ADF8F86
:405D40008BDF919AF1DFF5FFFFF2DFF09CDFDF90F1DFBFFFF2F5F0FFDFDF8588DFDFFFF1DFF08588DF9BF1DF78FF05FE71FF08F63F6BFBFC347474FE78FF63FF08F6DFFFC5
:405D80003FEAFBFDFFF73ECA0DFEBFF3BCF3BFF3BCF3FFF5F9FC3BF545FF08F6CFFF3F9ABFF3BCF3FFF5F9FF3BEA590020EF6300590020E878FFFFFB3EAA78FF07003FBA87
:405DC000FFFB3EBAFAFDCFFF3CDA78003CBA0FFF08F6FC6FEDFE08F61FFEFBEFE91C3F9A3FF32978FEFF3FDA26FDFFFB3ECAE9FF08F6470188FFFBECFBEFF71C3F9A3FF371
:405E0000D1FEE0EF1878F9FF3FDA15FDFFFB3ECAC7FF08F6B3FFFBEC171D3B9A3BF305FE0AFC3474FCFCEC5F7BF5391D3CEA00003BEA7DFE88FF0BFEFA9F3AF33AF33AF34B
:405E4000DFFF3EAAF6FDFFFB3ECA8DFF08F6FAF5DFF73EBA21FF08F6551D3CEA730039EA53FF08F643003CE875FE08F6F2FF3FEA6DFE08F6F5FF3FEAFEF55B009E0920EA0D
:405E8000350108F63100FBFF20BA730039EAD9EF99EF59EF19EFD9EE99EE99DE430019E8410019E8430039EA53FC5B009E0820DA16FC5B001E0820DA3AFC5B009E0920DAB9
:405EC000730039EA490060EE6100F7FF20EA3100FBFF20BA3100F7FF20AA5BFB88FFFFFFC7FF88FF6100F6FF20EA730039EA490060EEB5FF88FF6100F4FF20EA730039EA3A
:405F0000490060EE7300A0FFA7FD88FFFD7D7F003DDAFAFA41003DDAF7FDFFFE3ECAF4FC57003DDAF1FC5F003DDA85FD88FFB3FF3100F3FF20AA5B00E0F583FB88FF430057
:405F4000FF3F20EA09FD3CF409FE7CF5FDFD3DF4E9FF88FFFF173BEAF3F57DF5BEEDBBEFFDF5FF3F3EEAFCF53100F7FF20AAF5FF43006D1F20EA41001FFB20EA3100FBFF10
:405F800020AA5B009E0820EAF5FF4300FF0920EA41001FFF20EAF5FF4300EBFF20E84100E9FF20E878FF3D81AFEBF7FF3CEA271D3EEA73003FEAB7FFFFEDE51C3F9A3FF35F
:405FC00003FE7FF5FDFCBFDF07003EBA31003EE8FFF55F00E0F55B00E0F55700E0F5D7FF08F6730039EA3100FBFF20BA3100F7FF20AA1FFBF11E1FFB031F1FFBD91EF9FEEE
:40600000000300FFFFFFFFFFFFFFFFFFFFFFFFFFFFF7FFF7FFF7FFF7FFF7FFF7FFF7FFF7FFF7FFF7FFF7FFF7FFF7FFF7FFF7FFF7FFF7FFF7FFF7FFF7FFF7FFF7FFF7FFF75A
:40604000FFF7FFF7FFF7FFF7FFF7FFF7FFF7FFF7FFF7FFF7FFF7FFF7FFF7FFF7FFF7FFF7FFF7FFF7FFF7FFF7FFF7FFF7FFF7FFF7FFF7FFF7FFF7FFF7FFF7FFF7FFF7FFF760
:40608000FFF7FFF7FFF7FFF7FFF7FFF7FFF7FFF7FFF7FFF7FFF7FFF7FFF7FFF7FFF7FFF7FFF7FFF7FFF7FFF7FFF7FFF7FFF7FFF7FFF7FFF7FFF7FFF7FFF7FFF7FFF7FFF720
:4060C000FFF7FFF7FFF7FFF7FFF7FFF7FFF7FFF7FFF7FFF7FFF7FFF7FFF7FFF7FFF7FFF7FFF7FFF7FFF7FFF7FFF7FFF7FFF7FFF7FFF7FFF7FFF7FFF7FFF7FFF7FFF7FFF7E0
:40610000FFF7FFF7FFF7FFF7FFF7FFF7FFF7FFF7FFF7FFF7FFF7FFF7FFF7FFF7FFF7FFF7FFF7FFF7FFF7FFF7FFF7FFF7FFF7FFF7FFF7FFF7FFF7FFF7FFF7FFF7FFF7FFF79F
:40614000FFF7FFF7FFF7FFF7FFF7FFF7FFF7FFF7FFF7FFF7FFF7FFF7FFF7FFF7FFF7FFF7FFF7FFF7FFF7FFF7FFF7FFF7FFF7FFF7FFF7FFF7FFF7FFF7FFF7FFF7FFF7FFF75F
:40618000FFF7FFF7FFF7FFF7FFF7FFF7FFF7FFF7FFF7FFF7FFF7FFF7FFF7FFF7FFF7FFF7FFF7FFF7FFF7FFF7FFF7FFF7FFF7FFF7FFF7FFF7FFF7FFF7FFF7FFF7FFF7FFF71F
:4061C000FFF7FFF7FFF7FFF7FFF7FFF7FFF7FFF7FFF7FFF7FFF7FFF7FFF7FFF7FFF7FFF7FFF7FFF7FFF7FFF7FFF7FFF7FFF7FFF7FFF7FFF7FFF7FFF7FFF7FFF7FFF7FFF7DF
:40620000FFF7FFF7FFF7FFF7FFF7FFF7FFF7FFF7FFF7FFF7FFF7FFF7FFF7FFF7FFF7FFF7FFF7FFF7FFF7FFF7FFF7FFF7FFF7FFF7FFF7FFF7FFF7FFF7FFF7FFF7FFF7FFF79E
:40624000FFF7FFF7FFF7FFF7FFF7FFF7FFF7FFF7FFF7FFF7FFF7FFF7FFF7FFF7FFF7FFF7FFF7FFF7FFF7FFF7FFF7FFF7FFF7FFF7FFF7FFF7FFF7FFF7FFF7FFF7FFF7FFF75E
:40628000FFF7FFF7FFF7FFF7FFF7FFF7FFF7FFF7FFF7FFF7FFF7FFF7FFF7FFF7FFF7FFF7FFF7FFF7FFF7FFF7FFF7FFF7FFF7FFF7FFF7FFF7FFF7FFF7FFF7FFF7FFF7FFF71E
:4062C000FFF7FFF7FFF7FFF7FFF7FFF7FFF7FFF7FFF7FFF7FFF7FFF7FFF7FFF7FFF7FFF7FFF7FFF7FFF7FFF7FFF7FFF7FFF7FFF7FFF7FFF7FFF7FFF7FFF7FFF7FFF7FFF7DE
:40630000FFF7FFF7FFF7FFF7FFF7FFF7FFF7FFF7FFF7FFF7FFF7FFF7FFF7FFF7FFF7FFF7FFF7FFF7FFF7FFF7FFF7FFF7FFF7FFF7FFF7FFF7FFF7FFF7FFF7FFF7FFF7FFF79D
:40634000FFF7FFF7FFF7FFF7FFF7FFF7FFF7FFF7FFF7FFF7FFF7FFF7FFF7FFF7FFF7FFF7FFF7FFF7FFF7FFF7FFF7FFF7FFF7FFF7FFF7FFF7FFF7FFF7FFF7FFF7FFF7FFF75D
:40638000FFF7FFF7FFF7FFF7FFF7FFF7FFF7FFF7FFF7FFF7FFF7FFF7FFF7FFF7FFF7FFF7FFF7FFF7FFF7FFF7FFF7FFF7FFF7FFF7FFF7FFF7FFF7FFF7FFF7FFF7FFF7FFF71D
:4063C000FFF7FFF7FFF7FFF7FFF7FFF7FFF7FFF7FFF7FFF7FFF7FFF7FFF7FFF7FFF7FFF7FFF7FFF7FFF7FFF7FFF7FFF7FFF7FFF7FFF7FFF7FFF7FFF7FFF7FFF7FFF7FFF7DD
:40640000FFF7FFF7FFF7FFF7FFF7FFF7FFF7FFF7FFF7FFF7FFF7FFF7FFF7FFF7FFF7FFF7FFF7FFF7FFF7FFF7FFF7FFF7FFF7FFF7FFF7FFF7FFF7FFF7FFF7FFF7FFF7FFF79C
:40644000FFF7FFF7FFF7FFF7FFF7FFF7FFF7FFF7FFF7FFF7FFF7FFF7FFF7FFF7FFF7FFF7FFF7FFF7FFF7FFF7FFF7FFF7FFF7FFF7FFF7FFF7FFF7FFF7FFF7FFF7FFF7FFF75C
:40648000FFF7FFF7FFF7FFF7FFF7FFF7FFF7FFF7FFF7FFF7FFF7FFF7FFF7FFF7FFF7FFF7FFF7FFF7FFF7FFF7FFF7FFF7FFF7FFF7FFF7FFF7FFF7FFF7FFF7FFF7FFF7FFF71C
:4064C000FFF7FFF7FFF7FFF7FFF7FFF7FFF7FFF7FFF7FFF7FFF7FFF7FFF7FFF7FFF7FFF7FFF7FFF7FFF7FFF7FFF7FFF7FFF7FFF7FFF7FFF7FFF7FFF7FFF7FFF7FFF7FFF7DC
:40650000FFF7FFF7FFF7FFF7FFF7FFF7FFF7FFF7FFF7FFF7FFF7FFF7FFF7FFF7FFF7FFF7FFF7FFF7FFF7FFF7FFF7FFF7FFF7FFF7FFF7FFF7FFF7FFF7FFF7FFF7FFF7FFF79B
:40654000FFF7FFF7FFF7FFF7FFF7FFF7FFF7FFF7FFF7FFF7FFF7FFF7FFF7FFF7FFF7FFF7FFF7FFF7FFF7FFF7FFF7FFF7FFF7FFF7FFF7FFF7FFF7FFF7FFF7FFF7FFF7FFF75B
:40658000FFF7FFF7FFF7FFF7FFF7FFF7FFF7FFF7FFF7FFF7FFF7FFF7FFF7FFF7FFF7FFF7FFF7FFF7FFF7FFF7FFF7FFF7FFF7FFF7FFF7FFF7FFF7FFF7FFF7FFF7FFF7FFF71B
:4065C000FFF7FFF7FFF7FFF7FFF7FFF7FFF7FFF7FFF7FFF7FFF7FFF7FFF7FFF7FFF7FFF7FFF7FFF7FFF7FFF7FFF7FFF7FFF7FFF7FFF7FFF7FFF7FFF7FFF7FFF7FFF7FFF7DB
:40660000FFF7FFF7FFF7FFF7FFF7FFF7FFF7FFF7FFF7FFF7FFF7FFF7FFF7FFF7FFF7FFF7FFF7FFF7FFF7FFF7FFF7FFF7FFF7FFF7FFF7FFF7FFF7FFF7FFF7FFF7FFF7FFF79A
:40664000FFF7FFF7FFF7FFF7FFF7FFF7FFF7FFF7FFF7FFF7FFF7FFF7FFF7FFF7FFF7FFF7FFF7FFF7FFF7FFF7FFF7FFF7FFF7FFF7FFF7FFF7FFF7FFF7FFF7FFF7FFF7FFF75A
:40668000FFF7FFF7FFF7FFF7FFF7FFF7FFF7FFF7FFF7FFF7FFF7FFF7FFF7FFF7FFF7FFF7FFF7FFF7FFF7FFF7FFF7FFF7FFF7FFF7FFF7FFF7FFF7FFF7FFF7FFF7FFF7FFF71A
:4066C000FFF7FFF7FFF7FFF7FFF7FFF7FFF7FFF7FFF7FFF7FFF7FFF7FFF7FFF7FFF7FFF7FFF7FFF7FFF7FFF7FFF7FFF7FFF7FFF7FFF7FFF7FFF7FFF7FFF7FFF7FFF7FFF7DA
:40670000FFF7FFF7FFF7FFF7FFF7FFF7FFF7FFF7FFF7FFF7FFF7FFF7FFF7FFF7FFF7FFF7FFF7FFF7FFF7FFF7FFF7FFF7FFF7FFF7FFF7FFF7FFF7FFF7FFF7FFF7FFF7FFF799
:40674000FFF7FFF7FFF7FFF7FFF7FFF7FFF7FFF7FFF7FFF7FFF7FFF7FFF7FFF7FFF7FFF7FFF7FFF7FFF7FFF7FFF7FFF7FFF7FFF7FFF7FFF7FFF7FFF7FFF7FFF7FFF7FFF759
:40678000FFF7FFF7FFF7FFF7FFF7FFF7FFF7FFF7FFF7FFF7FFF7FFF7FFF7FFF7FFF7FFF7FFF7FFF7FFF7FFF7FFF7FFF7FFF7FFF7FFF7FFF7FFF7FFF7FFF7FFF7FFF7FFF719
:4067C000FFF7FFF7FFF7FFF7FFF7FFF7FFF7FFF7FFF7FFF7FFF7FFF7FFF7FFF7FFF7FFF7FFF7FFF7FFF7FFF7FFF7FFF7FFF7FFF7FFF7FFF7FFF7FFF7FFF7FFF7FFF7FFF7D9
:40680000FFF7FFF7FFF7FFF7FFF7FFF7FFF7FFF7FFF7FFF7FFF7FFF7FFF7FFF7FFF7FFF7FFF7FFF7FFF7FFF7FFF7FFF7FFF7FFF7FFF7FFF7FFF7FFF7FFF7FFF7FFF7FFF798
:40684000FFF7FFF7FFF7FFF7FFF7FFF7FFF7FFF7FFF7FFF7FFF7FFF7FFF7FFF7FFF7FFF7FFF7FFF7FFF7FFF7FFF7FFF7FFF7FFF7FFF7FFF7FFF7FFF7FFF7FFF7FFF7FFF758
:40688000FFF7FFF7FFF7FFF7FFF7FFF7FFF7FFF7FFF7FFF7FFF7FFF7FFF7FFF7FFF7FFF7FFF7FFF7FFF7FFF7FFF7FFF7FFF7FFF7FFF7FFF7FFF7FFF7FFF7FFF7FFF7FFF718
:4068C000FFF7FFF7FFF7FFF7FFF7FFF7FFF7FFF7FFF7FFF7FFF7FFF7FFF7FFF7FFF7FFF7FFF7FFF7FFF7FFF7FFF7FFF7FFF7FFF7FFF7FFF7FFFFF5FF41001FFF20EA4300FE
:40690000E0F500013EBA7FF5FEFCEFFF3ECAFFF5FEEF2D78FFFD68DFBD9FBD9FAA5A277E02FCDF7F34CA73EF097E02FC7F7F34CAB3EF047E02FC7F7F34CAF4EFFCFF3FAAD9
:4069400010013FBA127E02FCDF7F34CA3AFFB36E3AFF097E02FC7F7F34CAB36E047E02FC7F7F34CAF4EFF8FF3FAA10013FBAEEFEFDF5BFFF3EEAFDFDFFFE3FCA7FFF3EEA3B
:40698000FEFE3AEA85013BEA87013CEAFFFE3FEAFFFFFFFFFFFFFFFFFFFFFFFFFFFFFFFFFFFFFFFFFFFFFFFFFFFFFFFFFFFFFFFFFFFFFFFFFFFFFFFFFFFFFFFFFFFFFFFF68
:4069C000FFFFFFFFFFFFFFFFF5FF41001FFF20EA4300E0F5BFF458FF3D5A18FD5FFF37DAFFF5067E36740978117E01FC76CFEC6D366AFD787CF3FEFF37EAFDFE6FEFBFEF8F
:406A0000F8FF3C6A01FC764F87013EEA587F3DEAFFFF5FFF8501870178FFFDFFCDFEFEFF20EA78FFCEFF3AEAF8FCEDFFDFFF00CAE7FFFFBF00EA78FFCFFF3AEABB81FB7EFE
:406A4000D7FF007400003EEACDFFC0F578FFD0FF3AEABB81FB7EC1FF007400003EEAB9FFF8FF00EA78FFD1FF3AEA7B81087EA9FF007400003DEAF6FC3EF59BFF2F60F9FE9A
:406A8000FBFF3EEAC7FE3FEA78FFD2FF3AEAFCFC87FFDFFF00CA78FFD3FF3AEAFC7E79FF0074BE81FFF33EEA6FFFFCFF00EACDFEE0F5FFFFE87261FFC0F57FFFE872FDFFD4
:406AC000D9FE3198AD0A31EAFAFE78FFD4FF3AEA5FFF45FFBFFF00EA4BFFD9FE20984BFFB70A20EAFFFFE87278FFD5FF3AEAFCFCCDFE20F45FFFFFFFE87278FFD6FF3AEAC2
:406B0000FC7F15FF007478FFD7FF3AEAFC7F09FF00F478FFD8FF3AEABA81FBFDFBFEDFFF00CA00003EEA78FFD9FF3AEAFCFCE9FEBFFF00CA78FFDAFF3AEAFCFCDBFEDFFFFF
:406B400000CAFAFF78FFDBFF3AEAFCFDCBFEBFFF00CAC5FEBFFF00EA7FFFE872C9FEE0F5CBFEE0F5CDFEE0F54BFFD9FE20984BFF110A20EAFAF5B100B30078FFC1FE3BE882
:406B8000F7FFC06FFDFEDEFF3AEAF8803B81FA7EE9FF007400003CEAFBFF3BEAF1FEFDFF08F6F9FF08F6F5FF3FEAFFFFE8727FFF7DFF20EAC5FFC0F57FFFE872E1FEDCFF04
:406BC0003AEA3B81FE8000003BEAADFFC06FFBFF3CEAF4FCBF6B7CEA7CEAD2FEDDFF3AEA3E8100003CEA93FFBFFF00EAD9FE3E98880E3EEA7FFFD9FE20987FFFC90B20EA6E
:406C0000BB81FE8100003FEAFBFF3EEA0FFDBF6B67FFC06FB5FEDEFF3AEA3881FB80FA7E59FF007400003BEAFBFF3CEAF1FED9FE3E98BC0E3EEAFFFFE872DFFF3AEAFDFC31
:406C400039FFBFFF00CA33FFC0F5E0FF3AEAFDFD29FFBFFF00CA23FFBFFF00EA91FEE1FF3AEAFCFC15FFBFFF00CA8AFEE2FF3AEAFC7E07FF007484FEE3FF3AEAFC7FFBFE52
:406C800000F4FAFFFAF5C1FEE0EEEFFEBFFF00EA7FFFE8727DFFE0F57FFF7DFF20EA89008B008D008F0078FF05FDF5FF006B027FF1FF007478FFE7FF3AEA78FFEBFF3AEAB6
:406CC00078FFECFF3AEA390188FF03FCF5FF365A78FFE4FF3AEAFCFCC9FFBFFF00CAC3FFC0F578FFE5FF3AEAFCFCBBFFBFFF00CAB5FFC0F57EF5A9FFDFFF00EA027FA3FF65
:406D000000742CFDEE5F99FFC0EF7F003FBA95FF3FE0FDFFFDFF7FFF09AAF1EFD9FE3F98010D3FEA78FFE6FF3AEA5FFFFFFFE872CBFFD9FE2098CBFFA90C20EACFFFD9FE4C
:406D40002098CFFF130D20EA027F5BFF007478FF51FFC0F551FFC0F5E8FF3AEAF8FE027F41FF00747EF539FFDFFF00EA027F33FF0074F4FDEE5F29FFC0EF7F003FBA25FF12
:406D80003FE0FDFFFDFF7FFF09AAD9FE3198710D31EA78FFE9FF3AEA5FFF07FFBFFF00EACBFFD9FE2098CBFF810D20EAFDFFD9FE31989B0D31EA78FFEAFF3AEA5FFFE7FEE2
:406DC000BFFF00EACFFFD9FE2098CFFFA50D20EA5FFFFFFFE872027FCDFE0074C9FF1FFF20EACBFFD9FE2098CBFFAF0C20EACDFF1FFF20EACFFFD9FE2098CFFFB50C20EACC
:406E0000B3FE08F6D9FE3E98CE0E3EEAD9FE3C98ED0E3CEA78FFEDFF3AEAFCFC89FEBFFF00CA78FFEEFF3AEAFCFC77FEBFFF00CAFAFF78FFEFFF3AEAFCFD6BFEBFFF00CAAF
:406E400065FEBFFF00EA78FFF0FF3AEAFCFD53FEBFFF00CA4DFEBFFF00EA7FFFE872C9FFE0F5CBFFC9FF20EACDFFE0F5CFFFCDFF20EAFAF5FFFF9EF0958C999A9A8D918B50
:406E8000DF96989091909387939A9E939E8DDF8F949E9A8D90888F8DFFF1C0F5D6C2D8D7DAD9DCDBDEDDD1D4A6A5A8A7AAA9ACABAEADB0AFB2B1B4B3B6B5B8B7BAB9BCBB34
:406EC000BEBDC7C6C9C8CBCACDCCCFCEFFF5F2F5DFB4DFAADFBCDFB5DFCBDFCCDFCDF5CEF2F5C5F0938688909692DF8C969A9F829B8A939ADF8C8B9A9B96889AF188F0FFF6
:406F0000DFDF87DF8E8B9E92F18FF0FFDFDF8BDF9A949A99F19BF0FFDFDFDFDF8BDF9A8CF18BF2F54B11BD11F71519135313650B8D0C630EF71519135313FFFF78FF7F0826
:406F400008F6A70808F6FDFF3C1ADDFE3CE8B70808F6D2FF3FEA930808F6DFFE3CE8B50808F6D9FE3C98F90E3CEA78FF510808F6790808F6C3FE3CE8710808F6C5FE3CE8A1
:406F8000690808F6C7FE3CE878FF330808F6FC7DC7FF3ADAFCFDFDFFE85E390808F6FDFF3EEABCF3BCF33CFFBC6EFCF5670808F6D9FE3C98050F3CEA050808F6C3FEA0EF77
:406FC000C5FE60EFC7FEE0EF78FFF30708F6050808F6FEFF3EEABCF3BCF3BCF3BCF3BCF33CFFFC6EFCF52D0808F6D9FE3C98130F3CEA78FFFFFF3100F3FF20AAFBFCFF00CD
:407000003BCA01FD7DF5FF0F3DEABDFF08F6F9FC3AF437F6D9FE3F987FEDD9FE3D982B0F3D9A7D9FFD6EFDF541FF08F6FDFDFDFF3B5A01FD7DF5FF0F3DEAB7FF08F689069B
:4070400008F6FFFF08F6EFFE39EAFF013BAAD1FE3BE8FFFF3100F3FF20AA05FDF9FF3BDAE1FF08F67BF5550608F6FFE1381A03FD9FD13FDAEEEBFFFD3EEAFFDF3FEABBFF15
:4070800008F6DDFEFFDF20EADFFE7FFE20EAFF013BAAFDFDD1FEFDFF20DA210608F6FFE1389A03FD9FEF3FDAEEEBFFDF3EEAFFFD3FEA8FFF08F6430608F6DFFEFFDF20EAED
:4070C0007BF5FEFF3BEAC5FDD1FEFDFF20DAF9FCD1FE20F4A70688FF69FF08F6EFFE39EAFEFF3BEA78FFE9FF3AEAFDFCBFDF78FFEAFF3AEAFCFD80003CBA93003CE878FF98
:40710000EBFF3AEAFCFC80803CBA97003CE801FD7DF5FF033DEA95003EE878FFECFF3AEAFCFD80003DBA97003DE801FD7DF5FF033DEA9100E0EF78FFFDFF08F60AFF3FEAF6
:40714000F5FF08F6EAFF3FEA9300FFBF20AA9300BFFF20BA9700BFFF20BAFAF578FFEDFF3AEAFDFCBFDF78FFEEFF3AEAFCFD80003CBA8B003CE878FFEFFF3AEAFCFC808062
:407180003CBA8F003CE801FD7DF53F003DEA8D003EE878FFF0FF3AEAFCFD80003DBA8F003DE801FD7DF5FF013DEA8900E0EF78FFFDFF08F655FF3FEAF5FF08F6AAFF3FEA4E
:4071C0008F00BFFF20BA8B00BAFF20BAFAF515FEC0C03DEA02FDFCDF6F6F78FF0EFDDFFE3FD878FFFDFF3AEA78FFFCFF3AEAFCFDC0C03DDAF6FCBDDFFEE702FDFCDF6FEF0B
:407200004FFE01003DEA4EFC3EF44AFEBEF5DFFE3FE801003DEA78FFBFEC3BE2FCFC3EF4F47DDDFE3FD8FFDF3F9A3A79BDF3FDFE3778BDF34EFFFBFC3EF4F7F5DDFE3CE895
:4072400008FDFCDE0EFD2BF4F879FCDE2BF4FCFDFFDEDDFE3CE878FF7FEC3BE2FEEDFAFF3AEAF7FEFF7F3CEAF679DDFEFF7F20DADFFE3BE8EEFEDDFE3CE8E279DDFEFF7FC5
:4072800020DAFF7F3BEAFDFEDFFE3BE8FC79DFFEFF7F20DAEFFCFF7F3FCAE3FD77DF77EFFEFF3DEADFFE3FE802FDFCDFEFF5FEF527ECC8EE0AFDDFFE3FD878FFFBFF3AEA2C
:4072C000FCFCBDDFFEE7FDFF3D1A7FEFA70008F604FD3DDFFDFF3D9A6FEFDFFE3DE878FFFEFC3AF41BFF08F6BDF578FFFEFC3AF40FFF08F681003DE278FFFEFC3AF4DBFE33
:4073000008F6C0FF3DEA78FFFEFC3AF4F3FE08F6BDF578FFFEFC3AF4E7FE08F65B003DE2FAF5DDFE3CE8DFFE3FE878FFFEFF3AEAFDFCD7FE20DF07FDE5083FDAF9FF3F9AFB
:40734000FDFD7FDFFC9BE5083EEAFF1F3FEAD9FE3D984F133DEAFCF5FAF5D7FE4BA220EA7F00E0F578FF03FD3EF501FD7FF5FFF5FBFF3EEA5555000078FFE3FFC7FE20E88B
:4073800079EFF9FFC0FF3CEA78FFE3FFC7FE20E8F1FF3AEAF6FCC0FF3CDAFF76E1FF2072E3FFD9FE2098E3FF771320EAF3FFC5FE20E879EF09FDFCDD7FEE78FFF3FFC5FE1C
:4073C00020E879EFF2FF3AEAFDFF19EFEFFF19EAD9FE3C98B7133CEAFFFF37EAFDFF3F9AF3FF3FEAF3FF20EFA9133C9AD9FE3CE8F7FFC1FE20E879EF0EFDFCDDFDFF3C1A80
:40740000D9FE3C9805143CEA7FEE78FFF7FFC1FE20E8F3FF3AEAFDFF2889FFFF37EAFDFF3F9AF7FF3FEAF7FF20EFF9133C9AD9FE3CE8FBFFC3FE20E879EF08FDFCDD7FEE93
:4074400078FFFBFFC3FE20E8F4FF3AEABCFFD9FE3C983B143CEAFBFF20EF2F143C9AD9FE3CE879EF09FDFCDDD9FE3C9867143CEA7FEE78FFF5FF3AEA0100A0EFFFFF37EA85
:40748000FDFF3F9AFBFF3FEAFBFF20EF61143C9AD9FE3CE8C7FEE3FF20E8C5FEF3FF20E8C1FEF7FF20E8C3FEFBFF20E87DEE0FFD7F00E0FD20DA7F00609F3D9FCF0008F6A5
:4074C000DCFF3D9AC70008F678FFF6FF3AEA7881BB0008F63D8701003CEAF6FEFEFEAD0008F63DF2A70008F619F940FF17F850FF15FB57FF13FA127F47FF107E57FF0E7B13
:407500004DFF0C7A5DFF0A7D4BFF087C5BFF06785EFF04794EFF78FFF7FF3AEA78FFF8FF3AEAF9FC7F001AFE20DA7F00A09D5D0008F636FF570008F636F37F00609F4D008B
:4075400008F676F4BDED76F3430008F6B6F37F00609F390008F6B6F4BDEDF6F32F0008F6F6F4290008F636F5230008F636F41D0008F676F5170008F6B6F5110008F6F6F5C0
:4075800078FF7F00E09F0F003FBA3F72C8FEF9FF3AEAF6FC7F003D0020DA7F00A09FEDFF08F6F7FD79003EDAE3FF08F6BEE5DDFF08F6A6EDFDFF3E9AD3FF08F6FDFF7900DD
:4075C0000EEAC9FF08F6B1FD36C2FEFF361ABDFF08F679001E1AB5FF08F6FEFF2EAAADFF08F67900BE91A5FF08F68DFD3EB29DFF08F67900790020EA50FFFF72F0FF3FBA1C
:407600003F727F00E0F5FAF58117A0FF3100F3FF20AAF5FF41001CFB20EA4300D9FE20984300011620EACFFE60F5EFFE39EAFEFFFEFCCFFE20F49100D3FE20A8D3FEF7FFAB
:4076400020AAFFFF3100F3FF20AA7DF908F6C6FF3AEAF7FCD1FE000020DAFFFF3100F3FF20AA65F908F6C5FF3AEAFEFF9100D3FE20A8D3FEF8FF20AAF8FDD1FE000020DA96
:4076800078FFFEFDD5FEA0DF0AFDFDDFD9FE3C984F133CEAF9FF3F9AF9FDFCDFFE9BD9FE3D98030A3DEAD9FE3F9833183FEAFEF5170008F6D5FE899C20EA3CEE78FFD9FE31
:4076C000E0EFB5163F1A3FEE78FFDDFE20EF01E03C1AFBFFC1FE20E879EF03FEFFDF3C9AF4EF01C03CEA7DEEF7F5D9FE2F98C91637EAC1FEE0EDFBFF3FEA78FF9100D3FEAD
:4077000020A8D3FEE02ED3FEF8FF20BA78FF99FD3AF437F6D9FE3F987FEDD9FE3D981F0F3D9A7D9FFD6EFDF5E3FF08F618FE45FC08F6D9FF08F6FEFF3BEA09FDFAFFE85EE2
:4077400033FC08F6C7FF08F6E3FF08F67BF5DDFEFF1F20EADFFEFFDF20EAEFFE39EA7FFEA0FF3100F3FF20AA03FD33183EDAAFEB55183EEA7FFE3FEAEFFE39EAF7FB08F6AF
:40778000ABFF08F643FF08F6FEFF3BEAD1FE000020EACFFEE0F59100F0FF20BAD3FEE0F5EFFE39EA78FF5F0008F6F5FF3FEA570008F6F2FF3FEA4F0008F6F2FF3FEA78FFF6
:4077C000450008F6DFFF3FEA0DFEBFF3BCF3BFF3BCF3FFF5F9FC3EF52D0008F6CFFF3F9ABFF3BCF3FFF5F9FF3EEA78FF8900E06F0AFC8B007FFF20CAA3FF3FEAFDFD80FF83
:407800003F5A7FFF3FBA78FF05FEFBFF08F63F6BFBFC3474BFF888FFA0FCD1FE000020DABFFFFFFE20EAFFFEFDFF20EA047DFFFE3EDAEEF5EEEFFEF5D9FE3F9849163FEA93
:407840007BFE08F6F5FF4100E0F54300DBFD20EA3100F3FF20BA03FDFF09A8DFAFEBFFFD3FEA57183EEA9EFEFFFFFFFFFFFFFFFFFFFFFFFFFFFFFFFFFFFFFFFFFFFF78FF83
:4078800005FE190008F6FCFDFFF733CADFFF33BA78FFBE80EFD83AEAEFFF33AA78FF32F4017F33F40CFE32F4017F33F406FD3CF5F9FC3EF5AFEC017F33F47FFF3CEAFFFF31
:4078C000A0FFFFBF33BAF7FF08F632F4017F33F432F4017F33F4FFBF33AAFFEF33AA7FFF3EEAFFBF33BAD7FF08F67FFC3EEAFFFD3FEACBFF08F632F4017F33F432F4017F22
:4079000033F4FFBF33AAFFFD3EEAFFF52AF4FAEE7FFF08F6F3AF3FF33FF3BE8000003AEABFFF33EAA7013BEAD9EFFDEF39EA07003FBA39FE487F3DEAF5FF41001FFF20EA82
:407940004300E0F5BFF458FF3D5A1AFD5FFF37DAFFF5067E36740978137E01FC76CFEC6D366AFD787CF3FEFF37EAFDFE6FEFBFEFF8FF3C6A01FC764F87013EEA5B00E0F511
:407980008701FFBF20EA3100FBFF20BA3100F7FF20AAF5FF4300811920EA41001FFF20EA3100FBFF20AA587F3DEA7F0488FFC10308F661003CE80AFE110048F5FFF0FDFFB8
:4079C0008D63017F367476F515FF3DEAE9FF3EE26D0588FF3FFF32BAFAFFEDFFCEAF00F03FBAFEEF4300E0EFB881E70408F66D00DFEE20EA3BE7A5193CEAF2FF3EEAD304F6
:407A000008F66D009FEE20EA0BFC3EF406FC3FF4610488FF6100EFFF20EA0E79FFDF3F9A1E083EEAAD0408F66D0077EF20EAA30408F66D00FDED20EAFEF5FFF55B001E080B
:407A400020EA5EFCDFFF3ECACF0388FFFF1F3ABA7AF37AF37AF3F1FF5B00E0F54300470020E84100450020E879EA7AEA7BEA7CEA7DEA7EEA7FEA550039EAF5FF5B00E0F564
:407A800079EC7AEA7BEA7CEA7DEA7EEA7FEA550039EA4100E0F54300A0EEFAFF190208F6FFF5130208F6FFF519FE59003D9816FEBD9EFDFCDFFF3ECAFDFF3D9A1FFDBFFE4F
:407AC0003ECA1EFCEFFF3ECA69FE670208F60F1D3CEA63003DE8FDFCBFFF3ECABDEEFEFE59003DE8FCFDDFFF3ECAFFFE3EBA08FCEFFF3ECA350388FFEFFF3EBA8B0188FF5C
:407B00003BFE45003DEABFFF3EAA130388FFFD9F3FF3FEAFB8FF3EBA07003FBAF1FDCFFF3CDA78003CBA55003DEAEFFCACFF3F5A850108F6FCEF630108F6DFFF3EBAFFFEA4
:407B40003EAAFF0288FFE3FE270208F67CED670108F6D0FF3FEA5F0108F6CFFF3F9A07003FBABFEF510108F6ADFF3FEAFEAFF8FF3EBA07003FBACBFEF70108F6FFF73EBAA5
:407B8000510308F66D007CED20EA2B0108F6D0FF3F6ADD0108F67CEFFFF73EAAECFE3FF547003DEAFDFD57003DDA10FEFDFF3D1AE2FE7FF555003DEAFDFD45003DDAF5FC60
:407BC0007FFF3ECABFEFEAFCFFFE3ECAFDFF3D9AEFFC7FFF3ECA92FDBFFF3ECA170308F66D00B5EE20EA2EFDBFFF3ECAF7FCDFFF3ECAC30008F6F2FF3FEA82FCEFFF3ECA82
:407C0000B50008F6F5FF3FEA7FFF3EBAF9FE7FFF3EAAB2FE1D0108F6111D3CEAEFFF3EBAD30208F66D00B5EE20EAFAFEC70208F66D00B5AE20EABD0208F66D00F5F520EAF7
:407C4000EF003ABAF2FCBFFF3ECAEAFCEFFF3ECAE7FCDFFF3ECA5F0008F6F5FF3FEA8CFE0F0108F66D0208F66D007CED20EABFFE3EBABDEEFCFCDFFF3ECAEFFF3EAA5AFEFD
:407C8000350008F6C0FF3F6A78FF7FFF3FBA8D003F6803FC8F007FFF20CA78FF8900E06F0AFC8B007FFF20CAA3FF3FEAFDFD80FF3F5A7FFF3FBAFB1E071F991E211F771FA9
:407CC000851F991E931F271999196B176B176B176B176B174110D310AB1D9D1DCD1D451A371A451A691A971A311BB71AE31AFB1B011C4D1C6D1CA519311B78FF3100F7FF31
:407D000020AAFFFF3100F7FF20BAFFFFBBA7A3AB80B3B8AFA0ADA1BFF2F5B2D0FFDBF2F5BFFFF2F578FF05FE8DFF08F63F6BFBFC34747BFE78FF7FFF08F6DFFF3FEAFBFDFE
:407D4000FFF73ECA0DFEBFF3BCF3BFF3BCF3FFF5F9FC3BF561FF08F6CFFF3F9ABFF3BCF3FFF5F9FF3BEA590020EF6300590020E878FFFFFB3EAA78FF07003FBAFFFB3EBABA
:407D8000FAFDCFFF3CDA78003CBA2BFF08F6FC6F09FF08F626FEFBEFB91C3F9A3FF33078FEFF3FDA2DFDFFFB3ECAE9FF08F6810188FF26FDFFFB3ECADBFF08F6470188FF4E
:407DC000FBECFBEFC71C3F9A3FF3D1FEE0EF1878F9FF3FDA15FDFFFB3ECAB9FF08F6B3FFFBECE91C3B9A3BF305FE0AFC3474FCFCEC5F7BF50C1D3CEA00003BEA8BFE88FF32
:407E00000BFEFA9F3AF33AF33AF3DFFF3EAAF6FDFFFB3ECA7FFF08F6FAF5DFF73EBA13FF08F6131D3CEA730039EA45FF08F643003CE883FE08F6F2FF3FEA7BFE08F6F5FF7C
:407E40003FEAFEF55B009E0920EA6B0108F63100FBFF20BA730039EAD9EF99EF59EF19EFD9EE99EE99DE430019E8410019E8430039EA6EFC5B009E0820DA16FC5B001E088C
:407E800020DA730039EA490060EE36FC5B009E0920DA6100F7FF20EA3100FBFF20BA3100F7FF20AA6BFB88FFFFFFC7FF88FF6100F6FF20EA730039EA490060EEB5FF88FF16
:407EC0006100F4FF20EA730039EA490060EE7300A0FFB5FD88FFFD7D7F003DDAFAFA41003DDAF7FDFFFE3ECAF4FC57003DDAF1FC5F003DDA93FD88FFB3FF3100F3FF20AAE0
:407F00005B00E0F51CFE4300FF1F20EA83EA88FF42FC8701FFF720CA12FE4300FFF320EA03FD6D183CDA2DEBFFF33DEA21193CEAFFF5F5FF5B00E0F541001FFF20EA4300B3
:407F4000FF3F20EA09FD3CF409FE7CF5FDFD3DF4B3FF88FF57183BEAF3F57DF5BEEDBBEFFDF5FF3F3EEAFCF53100F7FF20AAF5FF43005D1F20EA41001FFB20EA3100FBFFDD
:407F800020AA5B009E0820EAF5FF4300FF0920EA41001FFF20EAF5FF4300EBFF20E84100E9FF20E878FF3D81AFEBF7FF3CEAF91C3EEA73003FEAB7FFFFEDB51C3F9A3FF39E
:407FC00003FE7FF5FDFCBFDF07003EBAFBFF3EBAFDFEFBFF3EAAFCFCEFFF3ECA31003EE8FFF55F00E0F55B00E0F55700E0F5C7FF08F6730039EA3100FBFF20BA3100F7FF58
:4080000020AA1FFBAB1E1FFBBD1E1FFB931EF9FE0003FF00FFFFFFFFFFFFFFFFFFFFFFFFFFF7FFF7FFF7FFF7FFF7FFF7FFF7FFF7FFF7FFF7FFF7FFF7FFF7FFF7FFF7FFF786
:40804000FFF7FFF7FFF7FFF7FFF7FFF7FFF7FFF7FFF7FFF7FFF7FFF7FFF7FFF7FFF7FFF7FFF7FFF7FFF7FFF7FFF7FFF7FFF7FFF7FFF7FFF7FFF7FFF7FFF7FFF7FFF7FFF740
:40808000FFF7FFF7FFF7FFF7FFF7FFF7FFF7FFF7FFF7FFF7FFF7FFF7FFF7FFF7FFF7FFF7FFF7FFF7FFF7FFF7FFF7FFF7FFF7FFF7FFF7FFF7FFF7FFF7FFF7FFF7FFF7FFF700
:4080C000FFF7FFF7FFF7FFF7FFF7FFF7FFF7FFF7FFF7FFF7FFF7FFF7FFF7FFF7FFF7FFF7FFF7FFF7FFF7FFF7FFF7FFF7FFF7FFF7FFF7FFF7FFF7FFF7FFF7FFF7FFF7FFF7C0
:40810000FFF7FFF7FFF7FFF7FFF7FFF7FFF7FFF7FFF7FFF7FFF7FFF7FFF7FFF7FFF7FFF7FFF7FFF7FFF7FFF7FFF7FFF7FFF7FFF7FFF7FFF7FFF7FFF7FFF7FFF7FFF7FFF77F
:40814000FFF7FFF7FFF7FFF7FFF7FFF7FFF7FFF7FFF7FFF7FFF7FFF7FFF7FFF7FFF7FFF7FFF7FFF7FFF7FFF7FFF7FFF7FFF7FFF7FFF7FFF7FFF7FFF7FFF7FFF7FFF7FFF73F
:40818000FFF7FFF7FFF7FFF7FFF7FFF7FFF7FFF7FFF7FFF7FFF7FFF7FFF7FFF7FFF7FFF7FFF7FFF7FFF7FFF7FFF7FFF7FFF7FFF7FFF7FFF7FFF7FFF7FFF7FFF7FFF7FFF7FF
:4081C000FFF7FFF7FFF7FFF7FFF7FFF7FFF7FFF7FFF7FFF7FFF7FFF7FFF7FFF7FFF7FFF7FFF7FFF7FFF7FFF7FFF7FFF7FFF7FFF7FFF7FFF7FFF7FFF7FFF7FFF7FFF7FFF7BF
:40820000FFF7FFF7FFF7FFF7FFF7FFF7FFF7FFF7FFF7FFF7FFF7FFF7FFF7FFF7FFF7FFF7FFF7FFF7FFF7FFF7FFF7FFF7FFF7FFF7FFF7FFF7FFF7FFF7FFF7FFF7FFF7FFF77E
:40824000FFF7FFF7FFF7FFF7FFF7FFF7FFF7FFF7FFF7FFF7FFF7FFF7FFF7FFF7FFF7FFF7FFF7FFF7FFF7FFF7FFF7FFF7FFF7FFF7FFF7FFF7FFF7FFF7FFF7FFF7FFF7FFF73E
:40828000FFF7FFF7FFF7FFF7FFF7FFF7FFF7FFF7FFF7FFF7FFF7FFF7FFF7FFF7FFF7FFF7FFF7FFF7FFF7FFF7FFF7FFF7FFF7FFF7FFF7FFF7FFF7FFF7FFF7FFF7FFF7FFF7FE
:4082C000FFF7FFF7FFF7FFF7FFF7FFF7FFF7FFF7FFF7FFF7FFF7FFF7FFF7FFF7FFF7FFF7FFF7FFF7FFF7FFF7FFF7FFF7FFF7FFF7FFF7FFF7FFF7FFF7FFF7FFF7FFF7FFF7BE
:40830000FFF7FFF7FFF7FFF7FFF7FFF7FFF7FFF7FFF7FFF7FFF7FFF7FFF7FFF7FFF7FFF7FFF7FFF7FFF7FFF7FFF7FFF7FFF7FFF7FFF7FFF7FFF7FFF7FFF7FFF7FFF7FFF77D
:40834000FFF7FFF7FFF7FFF7FFF7FFF7FFF7FFF7FFF7FFF7FFF7FFF7FFF7FFF7FFF7FFF7FFF7FFF7FFF7FFF7FFF7FFF7FFF7FFF7FFF7FFF7FFF7FFF7FFF7FFF7FFF7FFF73D
:40838000FFF7FFF7FFF7FFF7FFF7FFF7FFF7FFF7FFF7FFF7FFF7FFF7FFF7FFF7FFF7FFF7FFF7FFF7FFF7FFF7FFF7FFF7FFF7FFF7FFF7FFF7FFF7FFF7FFF7FFF7FFF7FFF7FD
:4083C000FFF7FFF7FFF7FFF7FFF7FFF7FFF7FFF7FFF7FFF7FFF7FFF7FFF7FFF7FFF7FFF7FFF7FFF7FFF7FFF7FFF7FFF7FFF7FFF7FFF7FFF7FFF7FFF7FFF7FFF7FFF7FFF7BD
:40840000FFF7FFF7FFF7FFF7FFF7FFF7FFF7FFF7FFF7FFF7FFF7FFF7FFF7FFF7FFF7FFF7FFF7FFF7FFF7FFF7FFF7FFF7FFF7FFF7FFF7FFF7FFF7FFF7FFF7FFF7FFF7FFF77C
:40844000FFF7FFF7FFF7FFF7FFF7FFF7FFF7FFF7FFF7FFF7FFF7FFF7FFF7FFF7FFF7FFF7FFF7FFF7FFF7FFF7FFF7FFF7FFF7FFF7FFF7FFF7FFF7FFF7FFF7FFF7FFF7FFF73C
:40848000FFF7FFF7FFF7FFF7FFF7FFF7FFF7FFF7FFF7FFF7FFF7FFF7FFF7FFF7FFF7FFF7FFF7FFF7FFF7FFF7FFF7FFF7FFF7FFF7FFF7FFF7FFF7FFF7FFF7FFF7FFF7FFF7FC
:4084C000FFF7FFF7FFF7FFF7FFF7FFF7FFF7FFF7FFF7FFF7FFF7FFF7FFF7FFF7FFF7FFF7FFF7FFF7FFF7FFF7FFF7FFF7FFF7FFF7FFF7FFF7FFF7FFF7FFF7FFF7FFF7FFF7BC
:40850000FFF7FFF7FFF7FFF7FFF7FFF7FFF7FFF7FFF7FFF7FFF7FFF7FFF7FFF7FFF7FFF7FFF7FFF7FFF7FFF7FFF7FFF7FFF7FFF7FFF7FFF7FFF7FFF7FFF7FFF7FFF7FFF77B
:40854000FFF7FFF7FFF7FFF7FFF7FFF7FFF7FFF7FFF7FFF7FFF7FFF7FFF7FFF7FFF7FFF7FFF7FFF7FFF7FFF7FFF7FFF7FFF7FFF7FFF7FFF7FFF7FFF7FFF7FFF7FFF7FFF73B
:40858000FFF7FFF7FFF7FFF7FFF7FFF7FFF7FFF7FFF7FFF7FFF7FFF7FFF7FFF7FFF7FFF7FFF7FFF7FFF7FFF7FFF7FFF7FFF7FFF7FFF7FFF7FFF7FFF7FFF7FFF7FFF7FFF7FB
:4085C000FFF7FFF7FFF7FFF7FFF7FFF7FFF7FFF7FFF7FFF7FFF7FFF7FFF7FFF7FFF7FFF7FFF7FFF7FFF7FFF7FFF7FFF7FFF7FFF7FFF7FFF7FFF7FFF7FFF7FFF7FFF7FFF7BB
:40860000FFF7FFF7FFF7FFF7FFF7FFF7FFF7FFF7FFF7FFF7FFF7FFF7FFF7FFF7FFF7FFF7FFF7FFF7FFF7FFF7FFF7FFF7FFF7FFF7FFF7FFF7FFF7FFF7FFF7FFF7FFF7FFF77A
:40864000FFF7FFF7FFF7FFF7FFF7FFF7FFF7FFF7FFF7FFF7FFF7FFF7FFF7FFF7FFF7FFF7FFF7FFF7FFF7FFF7FFF7FFF7FFF7FFF7FFF7FFF7FFF7FFF7FFF7FFF7FFF7FFF73A
:40868000FFF7FFF7FFF7FFF7FFF7FFF7FFF7FFF7FFF7FFF7FFF7FFF7FFF7FFF7FFF7FFF7FFF7FFF7FFF7FFF7FFF7FFF7FFF7FFF7FFF7FFF7FFF7FFF7FFF7FFF7FFF7FFF7FA
:4086C000FFF7FFF7FFF7FFF7FFF7FFF7FFF7FFF7FFF7FFF7FFF7FFF7FFF7FFF7FFF7FFF7FFF7FFF7FFF7FFF7FFF7FFF7FFF7FFF7FFF7FFF7FFF7FFF7FFF7FFF7FFF7FFF7BA
:40870000FFF7FFF7FFF7FFF7FFF7FFF7FFF7FFF7FFF7FFF7FFF7FFF7FFF7FFF7FFF7FFF7FFF7FFF7FFF7FFF7FFF7FFF7FFF7FFF7FFF7FFF7FFF7FFF7FFF7FFF7FFF7FFF779
:40874000FFF7FFF7FFF7FFF7FFF7FFF7FFF7FFF7FFF7FFF7FFF7FFF7FFF7FFF7FFF7FFF7FFF7FFF7FFF7FFF7FFF7FFF7FFF7FFF7FFF7FFF7FFF7FFF7FFF7FFF7FFF7FFF739
:40878000FFF7FFF7FFF7FFF7FFF7FFF7FFF7FFF7FFF7FFF7FFF7FFF7FFF7FFF7FFF7FFF7FFF7FFF7FFF7FFF7FFF7FFF7FFF7FFF7FFF7FFF7FFF7FFF7FFF7FFF7FFF7FFF7F9
:4087C000FFF7FFF7FFF7FFF7FFF7FFF7FFF7FFF7FFF7FFF7FFF7FFF7FFF7FFF7FFF7FFF7FFF7FFF7FFF7FFF7FFF7FFF7FFF7FFF7FFF7FFF7FFF7FFF7FFF7FFF7FFF7FFF7B9
:40880000FFF7FFF7FFF7FFF7FFF7FFF7FFF7FFF7FFF7FFF7FFF7FFF7FFF7FFF7FFF7FFF7FFF7FFF7FFF7FFF7FFF7FFF7FFF7FFF7FFF7FFF7FFF7FFF7FFF7FFF7FFF7FFF778
:40884000FFF7FFF7FFF7FFF7FFF7FFF7FFF7FFF7FFF7FFF7FFF7FFF7FFF7FFF7FFF7FFF7FFF7FFF7FFF7FFF7FFF7FFF7FFF7FFF7FFF7FFF7FFF7FFF7FFF7FFF7FFF7FFF738
:40888000FFF7FFF7FFF7FFF7FFF7FFF7FFF7FFF7FFF7FFF7FFF7FFF7FFF7FFF7FFF7FFF7FFF7FFF7FFF7FFF7FFF7FFF7FFF7FFF7FFF7FFF7FFF7FFF7FFF7FFF7FFF7FFF7F8
:4088C000FFF7FFF7FFF7FFF7FFF7FFF7FFF7FFF7FFF7FFF7FFF7FFF7FFF7FFF7FFF7FFF7FFF7FFF7FFF7FFF7FFF7FFF7FFF7FFF7FFF7FFF7FFF7FFF7FFF7FFF7FFF7FFF7B8
:40890000FFF7FFF7FFFFFFFFF5FF41001FFF20EA4300E0F500013EBA7FF5FEFCEFFF3ECAFFF5FEEF2D78FFFD68DFBD9FBD9FAA5A277E02FCDF7F34CA73EF097E02FC7F7F14
:4089400034CAB3EF047E02FC7F7F34CAF4EFFCFF3FAA10013FBA127E02FCDF7F34CA3AFFB36E3AFF097E02FC7F7F34CAB36E047E02FC7F7F34CAF4EFF8FF3FAA10013FBAA2
:40898000FDF5BFFF3EEAFDFDFFFE3FCA7FFF3EEAFEFE3AEA85013BEA87013CEAFFFE3FEAFFFFFFFFFFFFFFFFFFFFFFFFFFFFFFFFFFFFFFFFFFFFFFFFFFFFFFFFFFFFFFFFBA
:4089C000FFFFFFFFFFFFFFFFFFFFFFFFFFFFFFFFFFFFFFFFFFFFFFFFF5FF41001FFF20EA4300E0F5BFF458FF3D5A18FD5FFF37DAFFF5067E36740978117E01FC76CFEC6D28
:408A0000366AFD787CF3FEFF37EAFDFE6FEFBFEFF8FF3C6A01FC764F87013EEA587F3DEAF4A25FFF8501870178FFFDFFCDFEFEFF20EA78FFCEFF3AEAF8FCEDFFDFFF00CA49
:408A4000E7FFFFBF00EA78FFCFFF3AEABB81FB7ED7FF007400003EEACDFFC0F578FFD0FF3AEABB81FB7EC1FF007400003EEAB9FFF8FF00EA78FFD1FF3AEA7B81087EA9FFAE
:408A8000007400003DEAF6FC3EF59BFF2F60F9FEFBFF3EEAC7FE3FEA78FFD2FF3AEAFCFC87FFDFFF00CA78FFD3FF3AEAFC7E79FF0074BE81FFF33EEA6FFFFCFF00EACDFEEA
:408AC000E0F5FFFFE87261FFC0F57FFFE872FDFFD9FE3198AD0A31EAFAFE78FFD4FF3AEA5FFF45FFBFFF00EA4BFFD9FE20984BFFB70A20EAFFFFE87278FFD5FF3AEAFCFC91
:408B0000CDFE20F45FFFFFFFE87278FFD6FF3AEAFC7F15FF007478FFD7FF3AEAFC7F09FF00F478FFD8FF3AEABA81FBFDFBFEDFFF00CA00003EEA78FFD9FF3AEAFCFCE9FE85
:408B4000BFFF00CA78FFDAFF3AEAFCFCDBFEDFFF00CAFAFF78FFDBFF3AEAFCFDCBFEBFFF00CAC5FEBFFF00EA7FFFE872C9FEE0F5CBFEE0F5CDFEE0F54BFFD9FE20984BFF88
:408B8000110A20EAFAF5B100B30078FFC1FE3BE8F7FFC06FFDFEDEFF3AEAF8803B81FA7EE9FF007400003CEAFBFF3BEAF1FEFDFF08F6F9FF08F6F5FF3FEAFFFFE8727FFFA4
:408BC0007DFF20EAC5FFC0F57FFFE872E1FEDCFF3AEA3B81FE8000003BEAADFFC06FFBFF3CEAF4FCBF6B7CEA7CEAD2FEDDFF3AEA3E8100003CEA93FFBFFF00EAD9FE3E98E4
:408C0000880E3EEA7FFFD9FE20987FFFC90B20EABB81FE8100003FEAFBFF3EEA0FFDBF6B67FFC06FB5FEDEFF3AEA3881FB80FA7E59FF007400003BEAFBFF3CEAF1FED9FE05
:408C40003E98BC0E3EEAFFFFE872DFFF3AEAFDFC39FFBFFF00CA33FFC0F5E0FF3AEAFDFD29FFBFFF00CA23FFBFFF00EA91FEE1FF3AEAFCFC15FFBFFF00CA8AFEE2FF3AEA07
:408C8000FC7E07FF007484FEE3FF3AEAFC7FFBFE00F4FAFFFAF5C1FEE0EEEFFEBFFF00EA7FFFE8727DFFE0F57FFF7DFF20EA89008B008D008F0078FF05FDF5FF006B027F10
:408CC000F1FF007478FFE7FF3AEA78FFEBFF3AEA78FFECFF3AEA390188FF03FCF5FF365A78FFE4FF3AEAFCFCC9FFBFFF00CAC3FFC0F578FFE5FF3AEAFCFCBBFFBFFF00CA4A
:408D0000B5FFC0F57EF5A9FFDFFF00EA027FA3FF00742CFDEE5F99FFC0EF7F003FBA95FF3FE0FDFFFDFF7FFF09AAF1EFD9FE3F98010D3FEA78FFE6FF3AEA5FFFFFFFE87244
:408D4000CBFFD9FE2098CBFFA90C20EACFFFD9FE2098CFFF130D20EA027F5BFF007478FF51FFC0F551FFC0F5E8FF3AEAF8FE027F41FF00747EF539FFDFFF00EA027F33FF90
:408D80000074F4FDEE5F29FFC0EF7F003FBA25FF3FE0FDFFFDFF7FFF09AAD9FE3198710D31EA78FFE9FF3AEA5FFF07FFBFFF00EACBFFD9FE2098CBFF810D20EAFDFFD9FEF0
:408DC00031989B0D31EA78FFEAFF3AEA5FFFE7FEBFFF00EACFFFD9FE2098CFFFA50D20EA5FFFFFFFE872027FCDFE0074C9FF1FFF20EACBFFD9FE2098CBFFAF0C20EACDFF77
:408E00001FFF20EACFFFD9FE2098CFFFB50C20EAB3FE08F6D9FE3E98CE0E3EEAD9FE3C98ED0E3CEA78FFEDFF3AEAFCFC89FEBFFF00CA78FFEEFF3AEAFCFC77FEBFFF00CADD
:408E4000FAFF78FFEFFF3AEAFCFD6BFEBFFF00CA65FEBFFF00EA78FFF0FF3AEAFCFD53FEBFFF00CA4DFEBFFF00EA7FFFE872C9FFE0F5CBFFC9FF20EACDFFE0F5CFFFCDFFE0
:408E800020EAFAF5FFFF9EF0958C999A9A8D918BDF96989091909387939A9E939E8DDF8F949E9A8D90888F8DFFF1C0F5D6C2D8D7DAD9DCDBDEDDD1D4A6A5A8A7AAA9ACAB40
:408EC000AEADB0AFB2B1B4B3B6B5B8B7BAB9BCBBBEBDC7C6C9C8CBCACDCCCFCEFFF5F2F5DFB4DFAADFBCDFB5DFCBDFCCDFCDF5CEF2F5C5F0938688909692DF8C969A9F822B
:408F00009B8A939ADF8C8B9A9B96889AF188F0FFDFDF87DF8E8B9E92F18FF0FFDFDF8BDF9A949A99F19BF0FFDFDFDFDF8BDF9A8CF18BF2F54B11BD11F71519135313650B0D
:408F40008D0C630EF71519135313FFFF78FF7F0808F6A70808F6FDFF3C1ADDFE3CE8B70808F6D2FF3FEA930808F6DFFE3CE8B50808F6D9FE3C98F90E3CEA78FF510808F69F
:408F8000790808F6C3FE3CE8710808F6C5FE3CE8690808F6C7FE3CE878FF330808F6FC7DC7FF3ADAFCFDFDFFE85E390808F6FDFF3EEABCF3BCF33CFFBC6EFCF5670808F6D5
:408FC000D9FE3C98050F3CEA050808F6C3FEA0EFC5FE60EFC7FEE0EF78FFF30708F6050808F6FEFF3EEABCF3BCF3BCF3BCF3BCF33CFFFC6EFCF52D0808F6D9FE3C98130FEB
:409000003CEA78FFFFFF3100F3FF20AAFBFCFF003BCA01FD7DF5FF0F3DEABDFF08F6F9FC3AF437F6D9FE3F987FEDD9FE3D982B0F3D9A7D9FFD6EFDF541FF08F6FDFDFDFF7A
:409040003B5A01FD7DF5FF0F3DEAB7FF08F6890608F6FFFF08F6EFFE39EAFF013BAAD1FE3BE8FFFF3100F3FF20AA05FDF9FF3BDAE1FF08F67BF5550608F6FFE1381A03FDBF
:409080009FD13FDAEEEBFFFD3EEAFFDF3FEABBFF08F6DDFEFFDF20EADFFE7FFE20EAFF013BAAFDFDD1FEFDFF20DA210608F6FFE1389A03FD9FEF3FDAEEEBFFDF3EEAFFFD47
:4090C0003FEA8FFF08F6430608F6DFFEFFDF20EA7BF5FEFF3BEAC5FDD1FEFDFF20DAF9FCD1FE20F4A70688FF69FF08F6EFFE39EAFEFF3BEA78FFE9FF3AEAFDFCBFDF78FF61
:40910000EAFF3AEAFCFD80003CBA93003CE878FFEBFF3AEAFCFC80803CBA97003CE801FD7DF5FF033DEA95003EE878FFECFF3AEAFCFD80003DBA97003DE801FD7DF5FF0356
:409140003DEA9100E0EF78FFFDFF08F60AFF3FEAF5FF08F6EAFF3FEA9300FFBF20AA9300BFFF20BA9700BFFF20BAFAF578FFEDFF3AEAFDFCBFDF78FFEEFF3AEAFCFD80003E
:409180003CBA8B003CE878FFEFFF3AEAFCFC80803CBA8F003CE801FD7DF53F003DEA8D003EE878FFF0FF3AEAFCFD80003DBA8F003DE801FD7DF5FF013DEA8900E0EF78FF43
:4091C000FDFF08F655FF3FEAF5FF08F6AAFF3FEA8F00BFFF20BA8B00BAFF20BAFAF515FEC0C03DEA02FDFCDF6F6F78FF0EFDDFFE3FD878FFFDFF3AEA78FFFCFF3AEAFCFDF2
:40920000C0C03DDAF6FCBDDFFEE702FDFCDF6FEF4FFE01003DEA4EFC3EF44AFEBEF5DFFE3FE801003DEA78FFBFEC3BE2FCFC3EF4F47DDDFE3FD8FFDF3F9A3A79BDF3FDFEF3
:409240003778BDF34EFFFBFC3EF4F7F5DDFE3CE808FDFCDE0EFD2BF4F879FCDE2BF4FCFDFFDEDDFE3CE878FF7FEC3BE2FEEDFAFF3AEAF7FEFF7F3CEAF679DDFEFF7F20DA84
:40928000DFFE3BE8EEFEDDFE3CE8E279DDFEFF7F20DAFF7F3BEAFDFEDFFE3BE8FC79DFFEFF7F20DAEFFCFF7F3FCAE3FD77DF77EFFEFF3DEADFFE3FE802FDFCDFEFF5FEF5C6
:4092C00027ECC8EE0AFDDFFE3FD878FFFBFF3AEAFCFCBDDFFEE7FDFF3D1A7FEFA70008F604FD3DDFFDFF3D9A6FEFDFFE3DE878FFFEFC3AF41BFF08F6BDF578FFFEFC3AF4DE
:409300000FFF08F681003DE278FFFEFC3AF4DBFE08F6C0FF3DEA78FFFEFC3AF4F3FE08F6BDF578FFFEFC3AF4E7FE08F65B003DE2FAF5DDFE3CE8DFFE3FE878FFFEFF3AEA5F
:40934000FDFCD7FE20DF07FDE5083FDAF9FF3F9AFDFD7FDFFC9BE5083EEAFF1F3FEAD9FE3D984F133DEAFCF5FAF5D7FE4BA220EA7F00E0F578FF03FD3EF501FD7FF5FFF5B5
:40938000FBFF3EEA5555000078FFE3FFC7FE20E879EFF9FFC0FF3CEA78FFE3FFC7FE20E8F1FF3AEAF6FCC0FF3CDAFF76E1FF2072E3FFD9FE2098E3FF771320EAF3FFC5FEF2
:4093C00020E879EF09FDFCDD7FEE78FFF3FFC5FE20E879EFF2FF3AEAFDFF19EFEFFF19EAD9FE3C98B7133CEAFFFF37EAFDFF3F9AF3FF3FEAF3FF20EFA9133C9AD9FE3CE8D3
:40940000F7FFC1FE20E879EF0EFDFCDDFDFF3C1AD9FE3C9805143CEA7FEE78FFF7FFC1FE20E8F3FF3AEAFDFF2889FFFF37EAFDFF3F9AF7FF3FEAF7FF20EFF9133C9AD9FEB2
:409440003CE8FBFFC3FE20E879EF08FDFCDD7FEE78FFFBFFC3FE20E8F4FF3AEABCFFD9FE3C983B143CEAFBFF20EF2F143C9AD9FE3CE879EF09FDFCDDD9FE3C9867143CEA76
:409480007FEE78FFF5FF3AEA0100A0EFFFFF37EAFDFF3F9AFBFF3FEAFBFF20EF61143C9AD9FE3CE8C7FEE3FF20E8C5FEF3FF20E8C1FEF7FF20E8C3FEFBFF20E87DEE0FFD57
:4094C0007F00E0FD20DA7F00609F3D9FCF0008F6DCFF3D9AC70008F678FFF6FF3AEA7881BB0008F63D8701003CEAF6FEFEFEAD0008F63DF2A70008F619F940FF17F850FF2D
:4095000015FB57FF13FA127F47FF107E57FF0E7B4DFF0C7A5DFF0A7D4BFF087C5BFF06785EFF04794EFF78FFF7FF3AEA78FFF8FF3AEAF9FC7F001AFE20DA7F00A09D5D0030
:4095400008F636FF570008F636F37F00609F4D0008F676F4BDED76F3430008F6B6F37F00609F390008F6B6F4BDEDF6F32F0008F6F6F4290008F636F5230008F636F41D0047
:4095800008F676F5170008F6B6F5110008F6F6F578FF7F00E09F0F003FBA3F72C8FEF9FF3AEAF6FC7F003D0020DA7F00A09FEDFF08F6F7FD79003EDAE3FF08F6BEE5DDFF44
:4095C00008F6A6EDFDFF3E9AD3FF08F6FDFF79000EEAC9FF08F6B1FD36C2FEFF361ABDFF08F679001E1AB5FF08F6FEFF2EAAADFF08F67900BE91A5FF08F68DFD3EB29DFFF4
:4096000008F67900790020EA50FFFF72F0FF3FBA3F727F00E0F5FAF58117A0FF3100F3FF20AAF5FF41001CFB20EA4300D9FE20984300011620EACFFE60F5EFFE39EAFEFFB5
:40964000FEFCCFFE20F49100D3FE20A8D3FEF7FF20AAFFFF3100F3FF20AA7DF908F6C6FF3AEAF7FCD1FE000020DAFFFF3100F3FF20AA65F908F6C5FF3AEAFEFF9100D3FEC2
:4096800020A8D3FEF8FF20AAF8FDD1FE000020DA78FFFEFDD5FEA0DF0AFDFDDFD9FE3C984F133CEAF9FF3F9AF9FDFCDFFE9BD9FE3D98030A3DEAD9FE3F9833183FEAFEF588
:4096C000170008F6D5FE899C20EA3CEE78FFD9FEE0EFB5163F1A3FEE78FFDDFE20EF01E03C1AFBFFC1FE20E879EF03FEFFDF3C9AF4EF01C03CEA7DEEF7F5D9FE2F98C916A7
:4097000037EAC1FEE0EDFBFF3FEA78FF9100D3FE20A8D3FEE02ED3FEF8FF20BA78FF99FD3AF437F6D9FE3F987FEDD9FE3D981F0F3D9A7D9FFD6EFDF5E3FF08F618FE45FC54
:4097400008F6D9FF08F6FEFF3BEA09FDFAFFE85E33FC08F6C7FF08F6E3FF08F67BF5DDFEFF1F20EADFFEFFDF20EAEFFE39EA7FFEA0FF3100F3FF20AA03FD33183EDAAFEB8F
:4097800055183EEA7FFE3FEAEFFE39EAF7FB08F6ABFF08F643FF08F6FEFF3BEAD1FE000020EACFFEE0F59100F0FF20BAD3FEE0F5EFFE39EA78FF5F0008F6F5FF3FEA570091
:4097C00008F6F2FF3FEA4F0008F6F2FF3FEA78FF450008F6DFFF3FEA0DFEBFF3BCF3BFF3BCF3FFF5F9FC3EF52D0008F6CFFF3F9ABFF3BCF3FFF5F9FF3EEA78FF8900E06FAA
:409800000AFC8B007FFF20CAA3FF3FEAFDFD80FF3F5A7FFF3FBA78FF05FEFBFF08F63F6BFBFC3474BFF888FFA0FCD1FE000020DABFFFFFFE20EAFFFEFDFF20EA047DFFFE37
:409840003EDAEEF5EEEFFEF5D9FE3F9849163FEA7BFE08F6F5FF4100E0F54300DBFD20EA3100F3FF20BA03FDFF09A8DFAFEBFFFD3FEA57183EEA9EFEFFFF78FF05FE190032
:4098800008F6FCFDFFF733CADFFF33BA78FFBE80EFD83AEAEFFF33AA78FF13FD3EF49D0088FF7FEC29F4FBFCA9DC017F33F43881FEFC3EF5F19BB7EC017F33F4D9F57FFFF8
:4098C0003CEAFFFFA0FFFFBF33BAF7FF08F632F4017F33F432F4017F33F4FFBF33AAFFEF33AA7FFF3EEAFFBF33BAD7FF08F67FFC3EEAFFFD3FEACBFF08F632F4017F33F484
:4099000032F4017F33F4FFBF33AAFFFD3EEAFFF52AF4FAEE77FF08F6BE80DFB13AEAF3AF3FF33FF3BE8000003AEABFFF33EAA7013BEAD9EFFDEF39EA03003FBA39FE487F5A
:409940003DEAF5FF41001FFF20EA4300E0F5BFF458FF3D5A1AFD5FFF37DAFFF5067E36740978137E01FC76CFEC6D366AFD787CF3FEFF37EAFDFE6FEFBFEFF8FF3C6A01FC12
:40998000764F87013EEA5B00E0F58701FFBF20EA3100FBFF20BA3100F7FF20AAF5FF43007B1920EA41001FFF20EA3100FBFF20AA587F3DEA7F0488FFC10308F661003CE83A
:4099C0000AFE110048F5FFF0FDFF8D63017F367476F515FF3DEAE9FF3EE26D0588FF3FFF32BAFAFFEDFFCEAF00F03FBAFEEF4300E0EFB881E70408F66D00DFEE20EA3BE769
:409A00009F193CEAF2FF3EEAD30408F66D009FEE20EA0BFC3EF406FC3FF4610488FF6100EFFF20EA0E79FFDF3F9A1E083EEAAD0408F66D0077EF20EAA30408F66D00FDED8F
:409A400020EAFEF5FFF55B001E0820EA5EFCDFFF3ECACF0388FFFF1F3ABA7AF37AF37AF3F1FF5B00E0F54300470020E84100450020E879EA7AEA7BEA7CEA7DEA7EEA7FEA6E
:409A8000550039EAF5FF5B00E0F579EC7AEA7BEA7CEA7DEA7EEA7FEA550039EA4100E0F54300A0EEFAFF190208F6FFF5130208F6FFF519FE59003D9816FEBD9EFDFCDFFF47
:409AC0003ECAFDFF3D9A1FFDBFFE3ECA1EFCEFFF3ECA69FE670208F6091D3CEA63003DE8FDFCBFFF3ECABDEEFEFE59003DE8FCFDDFFF3ECAFFFE3EBA08FCEFFF3ECA35030E
:409B000088FFEFFF3EBA8B0188FF3BFE45003DEABFFF3EAA130388FFFD9F3FF3FEAFB8FF3EBA07003FBAF1FDCFFF3CDA78003CBA55003DEAEFFCACFF3F5A850108F6FCEF39
:409B4000630108F6DFFF3EBAFFFE3EAAFF0288FFE3FE270208F67CED670108F6D0FF3FEA5F0108F6CFFF3F9A07003FBABFEF510108F6ADFF3FEAFEAFF8FF3EBA07003FBAFD
:409B8000CBFEF70108F6FFF73EBA510308F66D007CED20EA2B0108F6D0FF3F6ADD0108F67CEFFFF73EAAECFE3FF547003DEAFDFD57003DDA10FEFDFF3D1AE2FE7FF5550001
:409BC0003DEAFDFD45003DDAF5FC7FFF3ECABFEFEAFCFFFE3ECAFDFF3D9AEFFC7FFF3ECA92FDBFFF3ECA170308F66D00B5EE20EA2EFDBFFF3ECAF7FCDFFF3ECAC30008F682
:409C0000F2FF3FEA82FCEFFF3ECAB50008F6F5FF3FEA7FFF3EBAF9FE7FFF3EAAB2FE1D0108F60B1D3CEAEFFF3EBAD30208F66D00B5EE20EAFAFEC70208F66D00B5AE20EA6D
:409C4000BD0208F66D00F5F520EAEF003ABAF2FCBFFF3ECAEAFCEFFF3ECAE7FCDFFF3ECA5F0008F6F5FF3FEA8CFE0F0108F66D0208F66D007CED20EABFFE3EBABDEEFCFCD3
:409C8000DFFF3ECAEFFF3EAA5AFE350008F6C0FF3F6A78FF7FFF3FBA8D003F6803FC8F007FFF20CA78FF8900E06F0AFC8B007FFF20CAA3FF3FEAFDFD80FF3F5A7FFF3FBA41
:409CC000F51E011F931E1B1F771F851F931E931F211993196B176B176B176B176B174110D310A51D971DC71D3F1A311A3F1A631A911A2B1BB11ADD1AF51BFB1B471C671C72
:409D00009F192B1B78FF3100F7FF20AAFFFF3100F7FF20BAFFFFBBA7A3AB80B3B8AFA0ADA1BFF2F5B2D0FFDBF2F5BFFFF2F578FF05FE8DFF08F63F6BFBFC34747BFE78FFBD
:409D40007FFF08F6DFFF3FEAFBFDFFF73ECA0DFEBFF3BCF3BFF3BCF3FFF5F9FC3BF561FF08F6CFFF3F9ABFF3BCF3FFF5F9FF3BEA590020EF6300590020E878FFFFFB3EAA88
:409D800078FF07003FBAFFFB3EBAFAFDCFFF3CDA78003CBA2BFF08F6FC6F09FF08F626FEFBEFB31C3F9A3FF33078FEFF3FDA2DFDFFFB3ECAE9FF08F6810188FF26FDFFFB7A
:409DC0003ECADBFF08F6470188FFFBECFBEFC11C3F9A3FF3D1FEE0EF1878F9FF3FDA15FDFFFB3ECAB9FF08F6B3FFFBECE31C3B9A3BF305FE0AFC3474FCFCEC5F7BF5061DD0
:409E00003CEA00003BEA8BFE88FF0BFEFA9F3AF33AF33AF3DFFF3EAAF6FDFFFB3ECA7FFF08F6FAF5DFF73EBA13FF08F60D1D3CEA730039EA45FF08F643003CE883FE08F68C
:409E4000F2FF3FEA7BFE08F6F5FF3FEAFEF55B009E0920EA710108F63100FBFF20BA730039EAD9EF99EF59EF19EFD9EE99EE99DE430019E8410019E8430039EA6EFC5B0014
:409E80009E0820DA16FC5B001E0820DA730039EA490060EE36FC5B009E0920DA6100F7FF20EA3100FBFF20BA3100F7FF20AA6BFB88FFFFFFC7FF88FF6100F6FF20EA7300B8
:409EC00039EA490060EEB5FF88FF6100F4FF20EA730039EA490060EE7300A0FFB5FD88FFFD7D7F003DDAFAFA41003DDAF7FDFFFE3ECAF4FC57003DDAF1FC5F003DDA93FDF1
:409F000088FFB3FF3100F3FF20AA5B00E0F51CFE4300FF1F20EA89EA88FF45FC8701FFF720CA12FE4300FFF320EA03FD59183CDA2DEBFFF33DEA1B193CEAFFF5F5FF5B00FF
:409F4000E0F541001FFF20EA4300FF3F20EA09FD3CF40CFE7CF5FDFD3DF4B3FF88FF57183BEAF5FDB3DFB3EFBEF57DF5BEEDBBEFFDF5FF3F3EEAFCF53100F7FF20AAF5FFA1
:409F800043005D1F20EA41001FFB20EA3100FBFF20AA5B009E0820EAF5FF4300FF0920EA41001FFF20EAF5FF4300EBFF20E84100E9FF20E878FF3D81AFEBF7FF3CEAF31C6D
:409FC0003EEA73003FEAB7FFFFEDAF1C3F9A3FF303FE7FF5FDFCBFDF07003EBAFBFF3EBAFDFEFBFF3EAAFCFCEFFF3ECA31003EE8FFF55F00E0F55B00E0F55700E0F5C7FFBC
:40A0000008F6730039EA3100FBFF20BA3100F7FF20AA1FFBA51E1FFBB71E1FFB8D1EF9FE0003FFFF00FFFFFFFFFFFFFFFFFFFFFFC8F5F5FF2A6A4B063AE2470688EFFD1194
:40A04000C8F5FDFE250648EEBF1D39E202F93FF56EEBB11D08EFBC9FF1FF3CEAAB1288EFC51188EF7FE13DEA7FF3E7FF3FEA03063EE2FFFFFD0588EF8B1D41E208EAE1FB50
:40A0800083FE08F402F93FF56EEBDDE13DEA37E83EEA7FF3A1FF3FEAAF11C8F5AD11C8F5F1F863FE08F4F3E53EEA9911C8F59D11C8F59B11C8F59911C8F5E4F84BFE08F433
:40A0C000BFE33EEAA50588EF631DF9FF08EAB9EFFEEFFE7DFEDF4978FFDFE8DF00F83FBA3FF33FF33FF33FFFF3FC21FE3FE213FE3EE27B05930008EA7705970008EAFFFF8B
:40A10000FFFFFFFFFFFFFFFFFFFFFFFFFFFFDFC08AF09085FFF1F0C09696D29C999195DF919A9A8488919EDFD2949E918C8BF18AFFFFF0C0889E8C8B8BD28A8C9ADF918633
:40A140008C8B8D909490908C9094868CF188C0FFF0DF9696949C8A91DF99869A91918D9A84969E8CDF8D9E92DF8891868A89F191C0FFF0DF969A9F82889E939EF18FB8DF96
:40A18000B3B0DFF09396F196AFDFBAA7DFF09E92DF8891868A89F191E3F4A0FF7BEA7CEA7DEAB5FFD7FF3DE87EEABFEFF7FF399A1BFEEF76FDFF7FE24DEE3EEAE976EFFFFB
:40A1C0007FE27EEC11FEED76FDFF7FE24DEE3EEAE776EFFF7FE27EEC78FF5DFFEDFF399AF1FAFAF9F9FF09F409E920F6FEEFFDFF7FE2F9FF319AD9EFD9EF7FEEE576F3FF88
:40A200007FE24DEE3EEAD376BFEFD376D9EF78FF7CF503FD91FF685F78FF3CF5FDFD9BFF685FFCF5C576BF76C976C11788FF4306C8F5F5FF2A6A4B063AE2470688EFFD1144
:40A24000C8F5FDFE250648EEBF1D39E202F93FF56EEBB11D08EFBC9FF1FF3CEAAB1288EFC51188EF7FE13DEA7FF3E7FF3FEA03063EE2FFFFFD0588EF8B1D41E208EAE1FB4E
:40A2800083FE08F402F93FF56EEBDDE13DEA37E83EEA7FF3A1FF3FEAAF11C8F5AD11C8F5F1F863FE08F4F3E53EEA9911C8F59D11C8F59B11C8F59911C8F5E4F84BFE08F431
:40A2C000BFE33EEAA50588EF631DF9FF08EAB9EFFEEFFE7DFEDF4978FFDFE8DF00F83FBA3FF33FF33FF33FFFF3FC21FE3FE213FE3EE27B05930008EA7705970008EAF9FE90
:40A300006D058B0008EA69058F0008EAF8F8FBFD08F4F7FDEBFD0892F3FDC8EFF776BF76C976E4E03FEADDFD08EF9576FFE03FEAD9FD08EF95761DE13FEAFAFDC3FD08F4DA
:40A34000C5FD08EF957667E13FEAFAF8BBFD08EF95763FE13FEAADFDC8F5ABFDC8F5A9FDC8F5A7FDC8F5A5FDC8F513FE97FD08F510FE95FD48F58FFD48F50BFE8DFD48F5AC
:40A380001DFEC57606FDD3FF3D5AC6FCF5FF3D5AC57679FDC8EFF7763EF5E7FDC776BCFCF5FF3D5AE5FCB7FF3D5AE7FCBAFF3D5AE2FCBBFF3D5AE4FCB3FF3D5A9576A3E8D3
:40A3C0003FEA3FFD88EF3DFF3E1AB6E769DAFF1F3EEA59D6571C9DE308EA25FD48F5FDFEE71C3EE2471CADE308EAFD767D0439E2FF7F75B4BD9100802B954554FE7F7DA5D5
:40A40000698678FFF9FF399AFBFF0FF5EFFF7FE2EF76EFFF7FE27EEEE976EFFF7EE27FEED3762FF47FEE78FF5DFFF9FF399A0276FEFCFBFF09F4E776D1E33EEAFCFCFDFF57
:40A4400009F4F7FF399AFBFFF9FF4F92CF76CF76CF76EF76CBE33EEAF7FF7FE2E776C5E33EEAD376FDFF7FE2FF7F37EAD9EDFDFF89F477F3FF7F379AEFDB7FECFDFFC9F589
:40A48000EB76FEEFFBFF49F5FBFBD1FCFDFF0FF4DB76FF7F0080010000805555F54D01809E9959240180914830700280CD9EDF68FF7FFABC21B7FE7F26915F14008067BBE0
:40A4C00083AE78FF5DFFF7FF399AEB76FEEF7FECFCFCF9FF09F4EB76FEEF7FECED7659E53EEA7FECF8FCFBFF09F4F9FF399AEF76F9FF7FE27EEED576D776FAFF3CEA7FE402
:40A500003BEAF9FF7FE2F9FF399AE9767EEEF3FF7FE2EF768BE43EEA7FEEED764DEE3EEAF3FF7FE2E7768BE43EEAD376F9FF7FE2D37685E43FEAE7FED9F5D9F5D9F5FBF87F
:40A54000E3767FEC91E43EEAF9FF399AE576F9FF7FE27EEEE976F9FF7EE27FEED3764DEE3FEAFBFF49F5F0FBE3767FEC4DEE3EEAEB76FEEFF9FF49F5FBFBA7FCFDFF0FF458
:40A58000DB76D9F5FE7F789BB112FF7FAE528AF3028065AE01110680B44C73230B8000AC31051180B17241E0FF7F83AE463EB5E5BDE5C5E5ADE535FE7FECEF7659E53EEA15
:40A5C000DB7626FEEB76FEEF7FEC22FCFBFF09F4D576D776F9FF3CEA77E53BEA7FECED767FEC4DEE3EEAFBFEEB76FEEF7FECED767FEC4DEE3EEA78ED85E53D9A3DF3030089
:40A600003DBA7DEAD9767DE53EEA78FFF9FF399AFCFDFBFEFBFF49F5EB76FEEFFAFBFDFF0FF4DB7678FFFBFF59E2F9FF399AED76F7FF7FE27EEEE1767FEEF9FF391A7EECCE
:40A64000D9EFDD767EECFDFF49EAE776FDFF7FE2B8EF19EF719EF1FF19EA719EF9FF19EAD9EFD9EED3767EEA7BEA7CEA7FEAE776FEEFD9EF19EFD9EE99EFD3767EEA05FE20
:40A680007CEA38EFE576D9EF99EFD9F57CEA78FF19EFE9FF399A7CEA29F4E776F9FF7EE27FEC10FEFBFF09F5E776F7FF7EE27FECF8FCFBFF09F4EF76F3FF7EE27FECF3FF2E
:40A6C000F9FF099AE776D9EFF5FF7EE2F7FF7FE2FDFFFDFF091AF97FD18787D2F57F394B8ABCFB7F1E6018C1008046A701F4FE7FAAA36BE2BB0088FFFBFFF9FF4F92F7FF18
:40A700007FE2E576F7FF7FE27EEEE776FEEF7FEEEF764DEE3EEA7FEEF3FF399AE976F3FF3F9ABFEF7EEEEF76F9FF3E9AFEEF7FEEE976EBFF7EE27FEED376B1E63FEAEF7692
:40A74000ABE63EEAF1FF7FE2E776FEEFF1FF7FE2F5FF49F5EB76FEEF7FEEEF76B7E63EEA7FEED376D376FDFF7FE2E776BDE63EEAFDFF7FE2D976C3E63EEA5E7DF17FFBFFD7
:40A78000E8D3D176FE7F00800500FF7FAAAA24930080AF99F6F00080F3B2B555FF7F46A701F4FF7F7DA5698678FF5DFFF3FF399AEF76F7FF7FE27EEEE77671E73EEA7FEE36
:40A7C000F9FF399AED76BDE63EEAF1FF7FE2D576D776FBFF3CEAF1FF7FE26BE73BEAE9767EEEF1FF7FE2EF7677E73EEA7FEEED7677E73EEAD376F7FF7FE2E1767FEEF9FFD6
:40A80000391A7EECFBFFFF7F0FEAFF7F319AFBFFD9E378FFFBFF399AEFF5EFF5EFF5F9FDFE7FA8DBF6FDFFBFA8DBF3FD2EF4FEEF78FFFBFF399A0076FBF9FDFF0FF4D176DE
:40A8400078FFF5FF399A3DFF08F67EEEF9FF7FE2E7767FEEF7FF7EE2E7FF08F67FEEFEEFF9FF391AD9EF99EF53E8FEFFFFFFFFFFFFFFFEFFFFFFFFFFFFFFFFFFFFFF003D40
:40A88000BFE3A0FF7C81FFFF2BEADFFF3DEA83E83BEAFDFFE5F920EAFFFF88FF20EA3D81ADEB67F03CEA79E83E1A3EEEFDF501001FFF20EABFCFF2F5DFF0DFDFDFDF919C7F
:40A8C00094DF9B88DFDF9694958C9D83DFDFDFDFDFDFF1DF78FFFFF5067678FF3FEF02FD7BF57CF3F07F3B1AF778FF7FE8DEF7FCF47DF07FE8DEBBEDBCEBBDEB78FFF7F5BB
:40A90000EFF5EFF5EF0188FF4DEE3EEAFB7F3DF450FEBFEFE07F37EA6FEF2FEFFEEF03FA7BF5FCF37DF3E07F3B1A2079E07FE8DE9ED7EE7FBBEDBDEBBCEB78EFD9E7D9E7E7
:40A94000D9E7F9FF3F9A7DEA78FFFEF4F7FF399AFDFF7EE2ED76F9FF7EE27FEED37699EF78FF6BEB6BEB6BEBFBEFBDEF78FF4DFF78FF5DFFFD7D3EDF2FEF6FEFEFEEFBF3D5
:40A98000FDF34EFF7EF57CF5FDF34EFFFBFD3BF4F8FDF779037BBDF33BF33CF57CF5EFFEFCF5FDFD3BF4FBFD3DF43EEFBCEBBDEBBBEBFEEFDFD7F07F37EAAFEFEFF50AFEA0
:40A9C00029F4FDF5FEF5FFF578FF7AEA74EFECEFACEF7CEA7FF4FEF4FFF4FCFC29F47DEA06FE71F5FD7BBFF4BEF4FEF3FFF305FE31F5FD7ABFF3BEF3BDF371F5CD7699EF65
:40AA0000FF7F3E9A1D7BBEF3FEF3FE9D71F57DF4FCF4FDF4FB7FD8FCFDEBFCEB31F57BF4FAF4FBF4FB7FD0FC3BF4D9F5BEEDBBEBBAEBD9EF99EE78FF4DFF7AEA047669DA38
:40AA400071FF88FFFEEFDFD77AEA69DA77EA6FEF2FEFFBFF7FE27DF4FCF4FDF4FCFCFDFF09F471F5FCF3FDF35EFFBDF4FEFF3C9AFCFAFF9EBFF4BE9EBFF33EF37BF4FAF412
:40AA8000FBF4CB76FDF3FEF3FFF3FCF5FDF57FEF3EEF99EFFF7F3E9AD37BBEF3FEF3FE9DFEF4BEED31F57DF4FCF4FDF4FBF98CFCFDEBFCEB71F57BF4FAF4FBF4FBFBC0FCE8
:40AAC0003BF4BBEBBAEBD9F5D9EF99EE78FFE57678FFEB76FCFCFCF9FDFF0FF44DEE3EEAE57678FFAFEB2FEF6FEF7CF4FDF4FCF4BCEBBDEBF7FBFDFF0EF4E57678FFF9FF84
:40AB0000399AEF767EEEFFEEEB767FEEF9FF391AFBEF11FE0D78BA9F99FE88FF7AEAF7FF399ABFEF6FECAFEE2FEFFEEFF9FF7FE271F5FCF3FAF3FC7BBA9FEE7ABAF47C9FFC
:40AB4000FBFF7CE2FDFF7AE203FD7FF5FDF37EF3FBFC3FF4BEF5FE7F3DF4FEF5BDEFEFFF3F9AF8F90F00E8DFE3FEFBFF7CE2FDFF7AE2FAFB1E00E8DFFC7FE6FC7F1C2BEF1B
:40AB8000FDEC7CEF2BEFFEECBCEF2BEFFFECFCEF7BEEF57CF1DFFFEDFEEBFDEB99ED99EB99EBD9EF99EE78FF4DFF0476F9FF399A78FF5DFFF7FF399ABCF35EFFFF9EBFF45E
:40ABC000BE9EFB78FCF318F9F9FF09F57CF5FEFC31F4B1F4FF9EB1F4BFF4BE9EFBFEFBFF7F92B1F4BFF4FDFF7E92F1F5F7FC31F4BFF3BEF3BDF3BCF3D9F5DA78FDFF7F92B5
:40AC0000BFF47E9CFDFF49F4F1F4FDFFC9F499EED9EEDFFF19EA78FF29F409FD31F5FF9EBFF4BE9EFC79FCF3FDF3FEF3FFF3DEFF19EAFEF5FFF578FF7AEA7EEF3FEFCD761E
:40AC4000FBF5FDF5BAEFFCEF99EE78FF7AEAF9FF399ADFFF376A04FB31F46F6ACFFF319ADFFF2F6AFDFED2FF2F6AFCFC32F405FE3CF5DFFF2F6AFBF83CF4FDFFBFE23CF586
:40AC8000FC1EF4FF3CEA3BF502FB2AF47BF57AEE07FD3FF43FAF7FAF99EFCB76FEF5FFF5000019EAFBF5F5FF3AEA71F57DF4FCF4FDF4FBFBBDEDBCEBD9F5D9EF99EE78FF9D
:40ACC000EDFF399A02F93DF5AF6BF8FF3DEAFAFF3E9AEFFF7FE27EEEF3767FEEF3FF391A7EEEFDFF89F5FDFB99EFD9F5D9EF78FF3EF5DE760EFCFF1F3FCA7F9F3FF33FF3DC
:40AD0000FD9F3FF3CFFF3D1AF4FD0D1208F68D1008F6FFF5EDFF78E229F4F375DFFF2B6A03FDDFFFE85DEB6BDFFF2B6AFDFCD2FFE85702FCDFFFE85B7FEA7BEAF576D9EE31
:40AD4000D9EFF3FF3F9A7FEE7EECF9FF399ABAFF2B6A027CFDDFEB6BD1FF2B6A13FE177CFDDF02F93CF5EB6B10FE03FA7CF5CFFF2B6AD1FF2B6AEDFF78E2F7FF399AF3757E
:40AD8000DFFF2B6A027CFDDFEB6BD1FF2B6AECF9F2FAF9FF7CE2E2FAF8FF3C9AF9FF7C92FCF4BCEFDBFBF9FF070009DAD7F8F9FFF7FF09DAF6FF3B9A7BEE03FCCFFF1D5ACB
:40ADC0003EF5F8FF3D9AFDEFF7FF3EEAF9FFF8FF099A7FF5FEFEF9FF49F5FCFCDFFF375AFCFF3F9A7FEAF376D9EF7EEEF1FF3F9A7FEE05FDFBFF49F5F1F3FDFF49F3FBFF49
:40AE0000E07F091AEF767FEE3BEE3EEA17FEF9FF09F5E7767FEE53EE3EEA0BFEF9FF49F5E9767FEE53EE3EEAF1FAE3767EEE41EE3FEAF3F9E3767FEE47EE3EEAF7FFD2FFDD
:40AE4000096AEB76FEEF7FEEF9F999FC3CF4F5FFDFFF096AF7FFDFCF09EA9D7602F93FF5D9F5F5FF3FEAFF7FFFBFFFFFE77FB4B3FFBFEB7FED85FFFFFE7FFFBFFFFFFB7F92
:40AE8000FFAFFFFF78FF4DFFFEFCFDFF3BCA7AEAF9FF399A7BEA3EF57EEA07FAF9FF49F5E97653EE3EEAF7FF7FE2F7FE07F9F9FF09F5E77653EE3EEAF7FF7FE2F6FAEDFCC2
:40AEC000F9FFFBFF4992E9FEFDFFFDFF09AAFB7BF9FFC9F4F8FCFDFF7FFF09CAEB76FEEFF7FF7FE2FBFCFDFFBFFF09CA99EF08FE69DA06FE7EEAF7FF399A12FEFDFF31AA71
:40AF00000EFE7FFF31AA0BFCFFFE31CADFFF31AAF7FDDFFF68CC04FDFEFF31CA65FEE7FEFEFEBFFF31AAFBFCFFFE31CAEFFF31AAE7FDE7FF31CAF4FDFEFF31CAEFFDFBFFCC
:40AF400031CAFFFE31AAFEFEFFFE31BAE8FEF7FF31AAD6FDF3FF31CAE2FEFEFF31BAFBFF31AACEFDFBFF31CA12FEF9FF09EF7C9ACD76BFF92BFC28DFFBF5FDF5F5FF3AEA0D
:40AF8000F7FF7CE259EFCBFEFEFF31AA7EEAF9FF399AF5FF09F5FDFCF7FFF7FF09CAEF767EEEF1FF7FE2A97AE77653EE3EEAF1FF7FE2E1767EEF7FEEF9FF391AE4FDFDFFC2
:40AFC000FBFF09CA99EFCFFF3D1AAAFDC776C4FCD1FF3D5ABBFCD4FF3D5AB5FCD2FF3D5AC3FCBAFF3D5AC576D9F5D9F5D9F5F7F5EFF5EFF5D9EF99EE4B0A88FF0F00FEFFF3
:40B0000008AA090067F808E2FCFEB8E878FFFBFFF0FF0F1A7FEAE1767FECFEEFEFFFC8EFFF7F3FBAF176E3FF3EE2E1FF3FE2D9EF38FE69DA7EEAED76EFDBFDFF7FE2F9FF20
:40B040003E9A7EEACE764DFEEFDBD9EE7FEC29F47EEABBEFB776FEE77FECF4FAE376FDFEF1F9E376FC7FF7FF0CF43EEF7CEC7FEAEF76D9EFEFDB19EFFDFF7FE2F9FF3E9A39
:40B080003EEF2CDB99EFDFFCB376A376FFBF3BAA19EFD9FCB376A376D9EEA976FFF515FE3EF529F408FDF1DEA976D0760478BCDFFCFC1000A85BA37629F47EEA08FAF7FFC7
:40B0C0000EF47EEAD2767D0988FF69DA7EEA29F4FEFEF4FAF7FF0EF47EEAF4FAF9FCE37699EFF3FF3E1ABEEE99EF7FEC07FEFE7F3BEAFFBF3CEAFDF5F9FE9776A176E3FD5A
:40B10000AFBAE8DE9F76DFFDABACE8DE9F76F4FDACFFA85D9776A176D6FDB0ABE8DE9F76EFEE2FEF6FEF7FECA176B576BFEFB576FFEE7BEA7EEAAF76EFFF3BEA99EFD9EECF
:40B14000F8FCB376FFBF3BAAA376FFF5D9EFEFDB3FEFFDFE9976FFEEFCFDB376A376D9EEFFF5B1FDC2FF68DFA976D476D6760478BCDF19FC18002E5AA37602FD33F4EBF5FF
:40B180002BF4C10888FF3EF501FC29F401FD29F429F47EEAE7F688EFF4FAE87A9B0008F6ECFCF5FFA85DE9FED9F63EE2FCFDCDF63EE299EFD9F5D876FE7B3B0008F6D9F53F
:40B1C000FEFF19EAFE7678FF4DFFFEFCF5FF685FFBFCC5FF685F0FFCD3FF685FC57659EFF278BB76FBFF3FEAD9EF7DEA9976FFEEFDFDEB7A9B760BFE29F478FF50FF78FFFE
:40B2000047FF04FCFFE612FE7EF578FF4DFFFBFCF5FFA85DF8FCC5FFA85DF7FCD3FFA85D7BEAEB7AF976D9EEEAFCFFE61BF401FD2BF42BF4EBDA7BEE1AFE0E7618FE0C76AE
:40B2400016FE0A76FF0788FFF5FF366AFDFD31F608F43EF501FD29F429F47EEAF1FAF2F9ED7AD5FF08F6BF76FF76C0FF3DEA99EFD9F5DA76FE7B7FFF08F6D9F5FE76C507E1
:40B2800088FF3EF5FD76FEF929F443FEF1F57EF507FDDDFFA85D05FCF5FFA85DFF76BD6BE87637FEFEFF31EA02F93FF5FF76DFFF3D6A03FEF1FF3F9AFCF9FFF4F5FEFD764B
:40B2C000FDFAC7FFE8DFB3F53FE223FE000031EA7EEAEBFF399AC9767FEE8BFB08F699EFE07AA1763EF5DDFA31F4CFFCF5FF685FCCFCC5FF685FD4FCDDFF685FD5FCC4FF68
:40B30000685FE3FCD3FF685FC576B978BB76E3FF3FEAD9F5EA760AFCB0ABE8DE9F76FBFDB0B8E8DE750688FF750488FFF4FDFC7AC7763EF5C576EFFDB1BAE8DE9F76F2FD61
:40B34000B7ABE8DE9F76F7FF399A7EEAF9FF399AF30688FF3EF5BD76F7FF399A7EEAF9FF399AF6FCFEFEF4F9FCFEF2FBFAFEF0FAF8FEEEF8F6FEECFDFFC2FFC1C2C1FFC38F
:40B38000C2C3C1C3F7FF81FFE3767FEE9D76AEDB7EEE99EF1C7AA17659EF47F33D9A3DF3AD0C3D9AEC76047847F368DFFBFCEDDE53F33DEAFB753EF5FDFCC2FF68DFFAFCCA
:40B3C000C1FF68DF9F769D76027AA176F076EE76730688FFEFEE2FEF6FEF7FEAF87AA176F7FDC2FF68DFC576D9EF9976FFEEFDFDEF7A9B7678FF3FEF2CF478FF3FF47BEA33
:40B40000A576D9EE7EF5F9FDD7FFA85D2CF4F4FC1FF768DCF4FCB376F2FCA376FFF53EF5ED7AA9767FE1B1EAFFEF09E961E4CBEA0FE853E753E591E5F3E549E3C59EE3A20F
:40B4400063D0599D94FA1CC13FE311F8A0EE7D9E0DFEF5FF399A78FFFBF5FCF5FDF508762D0188FFFDFCFC7A9B767EEA78FF29F45FEA5FEA5FEA7FEA7EEA267AA176D9EF6E
:40B480007EEA5EEF1EEFDEEEFDFF7EE2BFEF1C7BA176E1FDD7FF68DFC576D9EF19EF19EB19EB19EB7FEA2CDB78FF69DA7AEA7EEA0B7AA176FBFF7EE299EF9776B576FFF594
:40B4C000B57699EE7FEAF076FE7AA176D9EE1FFDD7FF68DFC576E8FDB376A37619EB3BEB2CF4C4FCB3767BEFFF9F3DAAFFF5B8FCA376BCFCBB7AC776C576B8FDB1FF68DFE6
:40B50000C57616FEE1FD7FE168DCB0FE29F478FFF7FF399A7EEA7BEA7CEA7DEA35F67FEEF9FF391AFEEF99EF7FEEFDEF9D767FEAEC7BA176EBFF19E399FDD7FF68DFC57616
:40B5400095FE047809F428DFFBFC3FDB1FF43CEA7F9F7DBADCFCDB7AC776C576A776A7767F9F7DBCD4FCD37AC776C576A776A7767FEF7DBC3F0019EAC4FCB9FF68DFC6FEA8
:40B5800010FCD1FF68DF78FFFBEBFCEBFDEB78FF7BEA7CEA7DEA0B7AF9767FEEF9FF391A7EEAEDFDF07AC776C57699EFC87637E89BEA05EAE1EA75EBA1FFD5D0D4D2FFD66F
:40B5C000FE7654FE2AF529F404FA31F478FF4DFF29F4FCFD1AF4F07678FF50FF29F4FCFD1AF44CF93FF4F7FCD6FFE8DF2EF931F47BEA7CEA7DEAF9FF399A7EEA7FEAFFFFD0
:40B6000005F699E6BDE62EF47EEE99EF9D767FEE29F4EAEF87F53F9A3FF38DF53F1A01FDF15788F53FEAEAEF29FA9AD67EEAAAEF7EF302FDFDFF895788F53EEAAAEF7EF3AB
:40B6400001FDBF5788F53EEA99EFD0F831F403FE7FEFFDFE7DEA3EF5FFF5047D8EF5E8DFF8FCFD5788F53FEAC57659EF6AEA3DFF08F699E63EF50AFED9EF9D7615FE010031
:40B680004AF5D9F5F8FDD7FF68DFC576F7FEFBF5FCF5FDF57FEFF9FDD2FF68DFF7FCD4FF68DFC5768E78BB76000019EAB576FFF5E07622FEB776B576BFEFFBFDC2FF68DFCF
:40B6C000C576F7FDD6FF68DFB576FFEEF27AA976F0FDD7FF68DFC576B5767FEFFF9F3DAAE87AE7FCC776C576E4FDB1B9E8DE9F76DC76E2764F0388FF3EF52BFCD3FF68DF20
:40B70000C5767EEAFA9FF678BB76F47AAD763EFF7EEFB5767FEFB57699EF7FEA7DEAE476FEFCD6FF68DFC576F1AFFAFDAB76F776FAFDD3FF685FC57631FFD9EFF1FDAB7635
:40B74000F776EEFDD7FF68DFC576D9EED2FDE87A9B76F67621FEC37640FCFEFFE8DFAF76FDFF3BEA7FF5FFBE3FEDF4FC7CEA04FE2CF431EFFCFCB37600E03FEAEBFCA376E7
:40B78000FFDF3BEAD9F5B8FEF3F0C8F5FA768D0288FFEDF0FEFF08EAFAFDC376F776B576FFDF3FAADFF03FE2890288FFD3F0FEFF08EA59F8B8E808EA7EF5C7F03EE2C5F0EB
:40B7C000C8F5B176DFFF9AF090948B8DDF8C8C8BF190190288FFADF0C8F5FD76FB76C976A1F73FEAFD76FFFF00F5000000000000F5FFF0F29B8AF189D7EFC5FBBFF6B5F71C
:40B80000B5F7CFFB4BF26DF039F19BF36DF777F7E3F24DFA21F727F355F75BF793F727F393F1C3F3E5FADBFFBADBB6A5B0B2B1BBADBEBBDBB0B3B9DBBBBABBDBBAB1AFDB35
:40B84000ABB0DBACA9BAACBEABDBAFAAB6B1ABDBBAA7DBB1B0ADDBB9B6B9B0DBB0ABDBB8AABDB0ACDBB8B1ABADB6DBAFABBAB3BABBBAB2DBBBB6BEDBBEABDBBBADB1ABAA58
:40B88000ADBABADBB0ADACABADBAB1DBADAAB2DBADBABBDBBABEDBADBAABDBB3ACABB3B6DE768F0188FF03FDF5FF685B6E6DA3E83DEA027CBDDF5B67BBEEFA9FBDEE03795D
:40B8C000BADFF7FEFA9FFE76FC79BB763FEFB1767CEAC176FEFDC376E4F900E0E8DFE1FC3FF4F77619EFBC1FA3E83EEAB17655FE3EF5FDFCC776C576A3E83EEABCEF7EF55B
:40B90000CC7606FDF5FFA85D05FCDDFFA85D7EF50AFE7EF5F5FCF5FFA85712FCC5FFA85BF7FCDDFFA85DFEEE1BFDC5FF685FE7FCF5FF685F49FEF8FCC776BBEF3EF5C576AF
:40B940000EFDB1FF685FC5760AFDBAFF685FC57606FDB7FF685FC576EDFDABFF685FC576FEEEE2FD12FF68DFCAFC1CFF685F03FDF5FF285B2E6DBBEF6E6F1FFF3D9AFC762C
:40B9800065FE88FFF5F785FF3DF31F003DBAF87E0B0408F639FDDBEE08F412FE7DF5BCEFEFFCDBFFE85D02FDDBFFE85B09FEE7FCDBFFE85D7CF5FAFD2F5702FCDFFF285BC0
:40B9C000FDF56FF83FEABCEF42FCF5FFA85DF776A3E83EEA06FCF5FF68DFC576BF7693EEC8F5C976C7F73FEA97EEC8F589EEC8F5FD7681EEFEFF08EA8BEEC8F575EEC8F515
:40BA000077EEC8F565EE39E275EEC8F57AF573EE3AE2C3FE6FEEC8EFFBF208F6B379BADFFEFE5BEE88DFFCFC55EE08F4DAFC51EE08F4F876FEFCF5FF3D5AAFFCC5FF3D5AF8
:40BA40005B0308F6F6FEC176F4FDC376B176CEFE69DA0BFEC176FDF9FDFFC9DF07FAF1DF7EEAF77699EFF579BADFBD7619EFD9EE3BEFFEFD3BF40BEE3EE2B976B17689FF83
:40BA800088FF05FE407DBADF7CEA3CFEBBEFBD763A7DBADF7CEAF9FDC37619EFFFEEF8F8FFDEBCEF347DBADF7BEAC376D9EE41FF88FF02FD3EF5FF76BFFF3EEAFDF5F9FCED
:40BAC000B5ED08F41F783BDFFD761CFEFF76FDFCF5FF685F05FEFF7615FCDBFF685FFD6B05FE02FDDBFFE85BFBFA3EF57EEF6FF83FEA1F003DBAEE7F5FFF5FFF3D6BC1FDC6
:40BB000071ED08F4BBEECDFD3BF477ED3CE2CFFD3FEFB976B176FE7678FFFE79B9DEF9FFC9EEFBFF59E259EF19EF78FF7BAFC5763BFF7BEFC57678FF3CF35EFF7CF37CF56C
:40BB40003DED3CE278FF7F9A3FF3D9EF3FF35EFF78FFF7FF399AC976F8FFC9752FF47FEEF57621ED3EE27FEEF7FF391A78FF08F9FBDF3BFFFB75FDFF7BE0027EDF76F27641
:40BB8000F47607FEF9FF08F678FF2FF43F9F7CEAA7767EEA7F9AF1767FF5FFEED9EF7EEF99EFEEF9FBDFFF003BBAFFFF7BE07DEAE77EDF76E67BA176D9EFC576C1FF08F6B7
:40BBC000E0FDD3FFA85DE07AA17619EF78FF3BDFC7FF3C1A7CEEFB9FBBEE69FE88FFA5ECC8F58FECC8F597ECC8F57AF595EC3AE287ECFEFF08EA1FFF88FF7BECFEFF08EAA1
:40BC000005FEFBF50AFED9F578FF7CEAFBEFFAFC3FF4F776F7FDD3FF3DDAC576D9EFF7763EF5F2FDC776C57678FF4BFF1CF900FFE8DF19FA3FF478FF4DFF78FF50FFC57651
:40BC40007BAFFDFDC776C5767BF37BF33BFF7BEF3F003DBAF27AF1FCC776C57678FF4DFF50FF78FF50FFFEFC0AF9FDDF7FEAFDEF7EEAF77699EFD9EFF479BADFBD7603EC4E
:40BC80003EE278FF02FDF5FFA85B78FF7EEF3AEF03FEAC6BFD79BADFBD76BDEFBCEFB176FBFEFE9EBDEF3EEF78FF4DFF78FF50FFA776FC79FFDBE8DFF9FD3EF47BEA7CEAF5
:40BCC000F17619EFD9EE7EF57FF5FF003EBAFF003FBA0DFEFC9FAD76FCFF3E63FDFF3F6312FE2CF4FDFC3FF40EFEFBFF3C9AFDFF3C9AFAF978FF3CF47EEA7FEAFCF5157842
:40BD00003ADF147939DFD9EF99EF1079B9DEF3FC3CF4F9FEEFFF3C9AEDFDFFBF3FDA00E03FBAECFCFBDF7FBC3FEDFE7678FF7BEAEAEF3AF35EFF7AF37AF543EB88EEF9FD0F
:40BD40003DEB08F4F379F9DEEBFF3B9ABBEED9EE78FFB576FFEEB5763FEFB5767FEF78FFB576B576B576BFEEB576FFF5B57678FF0DEBC8F509EB3AE2FBFC03EB08F4FDEAB9
:40BD8000C8F578FF3EF505FDF5FFA85BFBFCC5FFA85D78FF03FCDFFF3D5ABD6B12FED3EAFEFF08EACFEA48EAFF76AFFF3DEAFF76A1FF3DEABFEAFEFF08EAB9EA19E2FDFFF1
:40BDC0007DEAFDFCEFFF685F7F003DBAF1023D6259EF19FC88FF29F49BEAFEFF08EA99EAC8F5F876ECFE59EFD7F919EAD9F5D102BFFF08EA4BFEFD76FF76AAFF3D6AFF76B7
:40BE0000A1FF3D6A78FFB902BFFF08AA67EAFEFF08EAA3E83EEAE676377854E828DFFBFCF5FF685F6C6FFF76EDFCEAFF3D5A5FFF9FFF3D5A36FC80FF3D5A19FE8F003DEAC5
:40BE40007F02C8F5F0FEF5FF3DEAFD76F6FDF2FF3D5AD0FCEFFF685F7F003DBA15FCFDFF7DE3057F3574BD7E35F401EA48F575754F02C8F5FDFD8F0068DFF5E93DE2F5E9CD
:40BE8000C8F5E0FCF3E908F4A3E83CEAFDFE3CF5FF76A3FF3DEAFA79A3E83CDAF5FDD9E908F403FEFF7607FCFD6BC2F73FEACBE9010008EA78FF7EEAFDFF4E6F037F367404
:40BEC000ABE948F5F9FCADE908F47DEA7FEAFD76D9EF59EFFAF8B7FFA1E928D29DE948F5F1FE8BE93EE2FCFC8DE908F48B003EEA99EF78FF4DFF50FF78FF50FFFDF9A5FF0E
:40BF000068DFFAFABEFF68DF78FF4BFFFDF9C6FF68DFF2FACFFF68DFF9E12DFD3DFDF3F3F9FA05FB7FF613FB9BFB1FFB2BFC05FCA1FC77FC51FDE1FC1FFD61FDF7FBA9FB41
:40BF400059FC5BFE6FFC51FC6BFDE7FE79FEE5EB05ECF5E351E617E9A5E64DE61FE65DE6CBE8C5E88DE92FE93BE905EA9BEAC3EAE1EA75EB19EC8DECBDECE3ECC7EF3BFB81
:40BF800083FEC1FEFFFF9AF090948B8DDF8CDFDFDFDF9EDF9D948496F19078FF7EEAB176FEFD29F4FD76FB76C97669FF3FEAFD76F57699EF63FF3FEA7EEF99EFA9F719EAF2
:40BFC000A9E839E2AFE8FEFF08EAADE8C8F5F6F9BFFF68DF7DEA7F0031BA78E85388319A31F3FB7871F359E8FDFF311AFDFF49ECFFFFC1FFFFFFC5FFFFFFC9FFFFFFA1FD5C
:40C00000CA76D1FFA0FFD1FFFFFFFFFFF7BEFFFFFFFFBFFFFFFFE5FFFFFFE9FFFFFFEDFFFFFFF1FFFFFFF5FFFFFFF9FF81E888FF0303FFFFFF00FFFFFFFFFFFFFFFFFFFFA5
:40C04000C8F5F5FF2A6A4B063AE2470688EFFD11C8F5FDFE250648EEBF1D39E202F93FF56EEBB11D08EFBC9FF1FF3CEAAB1288EFC51188EF7FE13DEA7FF3E7FF3FEA0306DC
:40C080003EE2FFFFFD0588EF8B1D41E208EAE1FB83FE08F402F93FF56EEBDDE13DEA37E83EEA7FF3A1FF3FEAAF11C8F5AD11C8F5F1F863FE08F4F3E53EEA9911C8F59D1191
:40C0C000C8F59B11C8F59911C8F5E4F84BFE08F4BFE33EEAA50588EF631DF9FF08EAB9EFFEEFFE7DFEDF4978FFDFE8DF00F83FBA3FF33FF33FF33FFFF3FC21FE3FE213FEE5
:40C100003EE27B05930008EA7705970008EAFFFFFFFFFFFFFFFFFFFFFFFFFFFFFFFFDFC08AF09085FFF1F0C09696D29C999195DF919A9A8488919EDFD2949E918C8BF18AD9
:40C14000FFFFF0C0889E8C8B8BD28A8C9ADF91868C8B8D909490908C9094868CF188C0FFF0DF9696949C8A91DF99869A91918D9A84969E8CDF8D9E92DF8891868A89F191D5
:40C18000C0FFF0DF969A9F82889E939EF18FB8DFB3B0DFF09396F196AFDFBAA7DFF09E92DF8891868A89F191E3F4A0FF7BEA7CEA7DEAB5FFD7FF3DE87EEABFEFF7FF399A19
:40C1C0001BFEEF76FDFF7FE24DEE3EEAE976EFFF7FE27EEC11FEED76FDFF7FE24DEE3EEAE776EFFF7FE27EEC78FF5DFFEDFF399AF1FAFAF9F9FF09F409E920F6FEEFFDFF4B
:40C200007FE2F9FF319AD9EFD9EF7FEEE576F3FF7FE24DEE3EEAD376BFEFD376D9EF78FF7CF503FD91FF685F78FF3CF5FDFD9BFF685FFCF5C576BF76C976C11788FF43063A
:40C24000C8F5F5FF2A6A4B063AE2470688EFFD11C8F5FDFE250648EEBF1D39E202F93FF56EEBB11D08EFBC9FF1FF3CEAAB1288EFC51188EF7FE13DEA7FF3E7FF3FEA0306DA
:40C280003EE2FFFFFD0588EF8B1D41E208EAE1FB83FE08F402F93FF56EEBDDE13DEA37E83EEA7FF3A1FF3FEAAF11C8F5AD11C8F5F1F863FE08F4F3E53EEA9911C8F59D118F
:40C2C000C8F59B11C8F59911C8F5E4F84BFE08F4BFE33EEAA50588EF631DF9FF08EAB9EFFEEFFE7DFEDF4978FFDFE8DF00F83FBA3FF33FF33FF33FFFF3FC21FE3FE213FEE3
:40C300003EE27B05930008EA7705970008EAF9FE6D058B0008EA69058F0008EAF8F8FBFD08F4F7FDEBFD0892F3FDC8EFF776BF76C976E4E03FEADDFD08EF9576FFE03FEA4B
:40C34000D9FD08EF95761DE13FEAFAFDC3FD08F4C5FD08EF957667E13FEAFAF8BBFD08EF95763FE13FEAADFDC8F5ABFDC8F5A9FDC8F5A7FDC8F5A5FDC8F513FE97FD08F550
:40C3800010FE95FD48F58FFD48F50BFE8DFD48F51DFEC57606FDD3FF3D5AC6FCF5FF3D5AC57679FDC8EFF7763EF5E7FDC776BCFCF5FF3D5AE5FCB7FF3D5AE7FCBAFF3D5A2B
:40C3C000E2FCBBFF3D5AE4FCB3FF3D5A9576A3E83FEA3FFD88EF3DFF3E1AB6E769DAFF1F3EEA59D6571C9DE308EA25FD48F5FDFEE71C3EE2471CADE308EAFD767D0439E234
:40C40000FF7F75B4BD9100802B954554FE7F7DA5698678FFF9FF399AFBFF0FF5EFFF7FE2EF76EFFF7FE27EEEE976EFFF7EE27FEED3762FF47FEE78FF5DFFF9FF399A0276E8
:40C44000FEFCFBFF09F4E776D1E33EEAFCFCFDFF09F4F7FF399AFBFFF9FF4F92CF76CF76CF76EF76CBE33EEAF7FF7FE2E776C5E33EEAD376FDFF7FE2FF7F37EAD9EDFDFF70
:40C4800089F477F3FF7F379AEFDB7FECFDFFC9F5EB76FEEFFBFF49F5FBFBD1FCFDFF0FF4DB76FF7F0080010000805555F54D01809E9959240180914830700280CD9EDF68F0
:40C4C000FF7FFABC21B7FE7F26915F14008067BB83AE78FF5DFFF7FF399AEB76FEEF7FECFCFCF9FF09F4EB76FEEF7FECED7659E53EEA7FECF8FCFBFF09F4F9FF399AEF766C
:40C50000F9FF7FE27EEED576D776FAFF3CEA7FE43BEAF9FF7FE2F9FF399AE9767EEEF3FF7FE2EF768BE43EEA7FEEED764DEE3EEAF3FF7FE2E7768BE43EEAD376F9FF7FE29D
:40C54000D37685E43FEAE7FED9F5D9F5D9F5FBF8E3767FEC91E43EEAF9FF399AE576F9FF7FE27EEEE976F9FF7EE27FEED3764DEE3FEAFBFF49F5F0FBE3767FEC4DEE3EEA37
:40C58000EB76FEEFF9FF49F5FBFBA7FCFDFF0FF4DB76D9F5FE7F789BB112FF7FAE528AF3028065AE01110680B44C73230B8000AC31051180B17241E0FF7F83AE463EB5E520
:40C5C000BDE5C5E5ADE535FE7FECEF7659E53EEADB7626FEEB76FEEF7FEC22FCFBFF09F4D576D776F9FF3CEA77E53BEA7FECED767FEC4DEE3EEAFBFEEB76FEEF7FECED76C9
:40C600007FEC4DEE3EEA78ED85E53D9A3DF303003DBA7DEAD9767DE53EEA78FFF9FF399AFCFDFBFEFBFF49F5EB76FEEFFAFBFDFF0FF4DB7678FFFBFF59E2F9FF399AED7643
:40C64000F7FF7FE27EEEE1767FEEF9FF391A7EECD9EFDD767EECFDFF49EAE776FDFF7FE2B8EF19EF719EF1FF19EA719EF9FF19EAD9EFD9EED3767EEA7BEA7CEA7FEAE77684
:40C68000FEEFD9EF19EFD9EE99EFD3767EEA05FE7CEA38EFE576D9EF99EFD9F57CEA78FF19EFE9FF399A7CEA29F4E776F9FF7EE27FEC10FEFBFF09F5E776F7FF7EE27FEC4D
:40C6C000F8FCFBFF09F4EF76F3FF7EE27FECF3FFF9FF099AE776D9EFF5FF7EE2F7FF7FE2FDFFFDFF091AF97FD18787D2F57F394B8ABCFB7F1E6018C1008046A701F4FE7F9E
:40C70000AAA36BE2BB0088FFFBFFF9FF4F92F7FF7FE2E576F7FF7FE27EEEE776FEEF7FEEEF764DEE3EEA7FEEF3FF399AE976F3FF3F9ABFEF7EEEEF76F9FF3E9AFEEF7FEE51
:40C74000E976EBFF7EE27FEED376B1E63FEAEF76ABE63EEAF1FF7FE2E776FEEFF1FF7FE2F5FF49F5EB76FEEF7FEEEF76B7E63EEA7FEED376D376FDFF7FE2E776BDE63EEAF5
:40C78000FDFF7FE2D976C3E63EEA5E7DF17FFBFFE8D3D176FE7F00800500FF7FAAAA24930080AF99F6F00080F3B2B555FF7F46A701F4FF7F7DA5698678FF5DFFF3FF399AC6
:40C7C000EF76F7FF7FE27EEEE77671E73EEA7FEEF9FF399AED76BDE63EEAF1FF7FE2D576D776FBFF3CEAF1FF7FE26BE73BEAE9767EEEF1FF7FE2EF7677E73EEA7FEEED7626
:40C8000077E73EEAD376F7FF7FE2E1767FEEF9FF391A7EECFBFFFF7F0FEAFF7F319AFBFFD9E378FFFBFF399AEFF5EFF5EFF5F9FDFE7FA8DBF6FDFFBFA8DBF3FD2EF4FEEFD0
:40C8400078FFFBFF399A0076FBF9FDFF0FF4D17678FFF5FF399A3DFF08F67EEEF9FF7FE2E7767FEEF7FF7EE2E7FF08F67FEEFEEFF9FF391AD9EF99EF53E8FEFFFFFFFFFF5A
:40C88000FFFFFEFFFFFFFFFFFFFFFFFFFFFF003DBFE3A0FF7C81FFFF2BEADFFF3DEA83E83BEAFDFFE5F920EAFFFF88FF20EA3D81ADEB67F03CEA79E83E1A3EEEFDF5010046
:40C8C0001FFF20EABFCFF2F5DFF0DFDFDFDF919C94DF9B88DFDF9694958C9D83DFDFDFDFDFDFF1DF78FFFFF5067678FF3FEF02FD7BF57CF3F07F3B1AF778FF7FE8DEF7FC86
:40C90000F47DF07FE8DEBBEDBCEBBDEB78FFF7F5EFF5EFF5EF0188FF4DEE3EEAFB7F3DF450FEBFEFE07F37EA6FEF2FEFFEEF03FA7BF5FCF37DF3E07F3B1A2079E07FE8DE87
:40C940009ED7EE7FBBEDBDEBBCEB78EFD9E7D9E7D9E7F9FF3F9A7DEA78FFFEF4F7FF399AFDFF7EE2ED76F9FF7EE27FEED37699EF78FF6BEB6BEB6BEBFBEFBDEF78FF4DFFA6
:40C9800078FF5DFFFD7D3EDF2FEF6FEFEFEEFBF3FDF34EFF7EF57CF5FDF34EFFFBFD3BF4F8FDF779037BBDF33BF33CF57CF5EFFEFCF5FDFD3BF4FBFD3DF43EEFBCEBBDEB32
:40C9C000BBEBFEEFDFD7F07F37EAAFEFEFF50AFE29F4FDF5FEF5FFF578FF7AEA74EFECEFACEF7CEA7FF4FEF4FFF4FCFC29F47DEA06FE71F5FD7BBFF4BEF4FEF3FFF305FEC3
:40CA000031F5FD7ABFF3BEF3BDF371F5CD7699EFFF7F3E9A1D7BBEF3FEF3FE9D71F57DF4FCF4FDF4FB7FD8FCFDEBFCEB31F57BF4FAF4FBF4FB7FD0FC3BF4D9F5BEEDBBEB0F
:40CA4000BAEBD9EF99EE78FF4DFF7AEA047669DA71FF88FFFEEFDFD77AEA69DA77EA6FEF2FEFFBFF7FE27DF4FCF4FDF4FCFCFDFF09F471F5FCF3FDF35EFFBDF4FEFF3C9AFC
:40CA8000FCFAFF9EBFF4BE9EBFF33EF37BF4FAF4FBF4CB76FDF3FEF3FFF3FCF5FDF57FEF3EEF99EFFF7F3E9AD37BBEF3FEF3FE9DFEF4BEED31F57DF4FCF4FDF4FBF98CFC19
:40CAC000FDEBFCEB71F57BF4FAF4FBF4FBFBC0FC3BF4BBEBBAEBD9F5D9EF99EE78FFE57678FFEB76FCFCFCF9FDFF0FF44DEE3EEAE57678FFAFEB2FEF6FEF7CF4FDF4FCF43A
:40CB0000BCEBBDEBF7FBFDFF0EF4E57678FFF9FF399AEF767EEEFFEEEB767FEEF9FF391AFBEF11FE0D78BA9F99FE88FF7AEAF7FF399ABFEF6FECAFEE2FEFFEEFF9FF7FE216
:40CB400071F5FCF3FAF3FC7BBA9FEE7ABAF47C9FFBFF7CE2FDFF7AE203FD7FF5FDF37EF3FBFC3FF4BEF5FE7F3DF4FEF5BDEFEFFF3F9AF8F90F00E8DFE3FEFBFF7CE2FDFF00
:40CB80007AE2FAFB1E00E8DFFC7FE6FC7F1C2BEFFDEC7CEF2BEFFEECBCEF2BEFFFECFCEF7BEEF57CF1DFFFEDFEEBFDEB99ED99EB99EBD9EF99EE78FF4DFF0476F9FF399AEE
:40CBC00078FF5DFFF7FF399ABCF35EFFFF9EBFF4BE9EFB78FCF318F9F9FF09F57CF5FEFC31F4B1F4FF9EB1F4BFF4BE9EFBFEFBFF7F92B1F4BFF4FDFF7E92F1F5F7FC31F48C
:40CC0000BFF3BEF3BDF3BCF3D9F5DA78FDFF7F92BFF47E9CFDFF49F4F1F4FDFFC9F499EED9EEDFFF19EA78FF29F409FD31F5FF9EBFF4BE9EFC79FCF3FDF3FEF3FFF3DEFFB2
:40CC400019EAFEF5FFF578FF7AEA7EEF3FEFCD76FBF5FDF5BAEFFCEF99EE78FF7AEAF9FF399ADFFF376A04FB31F46F6ACFFF319ADFFF2F6AFDFED2FF2F6AFCFC32F405FE5C
:40CC80003CF5DFFF2F6AFBF83CF4FDFFBFE23CF5FC1EF4FF3CEA3BF502FB2AF47BF57AEE07FD3FF43FAF7FAF99EFCB76FEF5FFF5000019EAFBF5F5FF3AEA71F57DF4FCF4B0
:40CCC000FDF4FBFBBDEDBCEBD9F5D9EF99EE78FFEDFF399A02F93DF5AF6BF8FF3DEAFAFF3E9AEFFF7FE27EEEF3767FEEF3FF391A7EEEFDFF89F5FDFB99EFD9F5D9EF78FF2A
:40CD00003EF5DE760EFCFF1F3FCA7F9F3FF33FF3FD9F3FF3CFFF3D1AF4FD0D1208F68D1008F6FFF5EDFF78E229F4F375DFFF2B6A03FDDFFFE85DEB6BDFFF2B6AFDFCD2FF35
:40CD4000E85702FCDFFFE85B7FEA7BEAF576D9EED9EFF3FF3F9A7FEE7EECF9FF399ABAFF2B6A027CFDDFEB6BD1FF2B6A13FE177CFDDF02F93CF5EB6B10FE03FA7CF5CFFF71
:40CD80002B6AD1FF2B6AEDFF78E2F7FF399AF375DFFF2B6A027CFDDFEB6BD1FF2B6AECF9F2FAF9FF7CE2E2FAF8FF3C9AF9FF7C92FCF4BCEFDBFBF9FF070009DAD7F8F9FF8A
:40CDC000F7FF09DAF6FF3B9A7BEE03FCCFFF1D5A3EF5F8FF3D9AFDEFF7FF3EEAF9FFF8FF099A7FF5FEFEF9FF49F5FCFCDFFF375AFCFF3F9A7FEAF376D9EF7EEEF1FF3F9A96
:40CE00007FEE05FDFBFF49F5F1F3FDFF49F3FBFFE07F091AEF767FEE3BEE3EEA17FEF9FF09F5E7767FEE53EE3EEA0BFEF9FF49F5E9767FEE53EE3EEAF1FAE3767EEE41EEFF
:40CE40003FEAF3F9E3767FEE47EE3EEAF7FFD2FF096AEB76FEEF7FEEF9F999FC3CF4F5FFDFFF096AF7FFDFCF09EA9D7602F93FF5D9F5F5FF3FEAFF7FFFBFFFFFE77FB4B3BE
:40CE8000FFBFEB7FED85FFFFFE7FFFBFFFFFFB7FFFAFFFFF78FF4DFFFEFCFDFF3BCA7AEAF9FF399A7BEA3EF57EEA07FAF9FF49F5E97653EE3EEAF7FF7FE2F7FE07F9F9FF4B
:40CEC00009F5E77653EE3EEAF7FF7FE2F6FAEDFCF9FFFBFF4992E9FEFDFFFDFF09AAFB7BF9FFC9F4F8FCFDFF7FFF09CAEB76FEEFF7FF7FE2FBFCFDFFBFFF09CA99EF08FEBC
:40CF000069DA06FE7EEAF7FF399A12FEFDFF31AA0EFE7FFF31AA0BFCFFFE31CADFFF31AAF7FDDFFF68CC04FDFEFF31CA65FEE7FEFEFEBFFF31AAFBFCFFFE31CAEFFF31AAE1
:40CF4000E7FDE7FF31CAF4FDFEFF31CAEFFDFBFF31CAFFFE31AAFEFEFFFE31BAE8FEF7FF31AAD6FDF3FF31CAE2FEFEFF31BAFBFF31AACEFDFBFF31CA12FEF9FF09EF7C9A7C
:40CF8000CD76BFF92BFC28DFFBF5FDF5F5FF3AEAF7FF7CE259EFCBFEFEFF31AA7EEAF9FF399AF5FF09F5FDFCF7FFF7FF09CAEF767EEEF1FF7FE2A97AE77653EE3EEAF1FF39
:40CFC0007FE2E1767EEF7FEEF9FF391AE4FDFDFFFBFF09CA99EFCFFF3D1AAAFDC776C4FCD1FF3D5ABBFCD4FF3D5AB5FCD2FF3D5AC3FCBAFF3D5AC576D9F5D9F5D9F5F7F518
:40D00000EFF5EFF5D9EF99EE4B0A88FF0F00FEFF08AA090067F808E2FCFEB8E878FFFBFFF0FF0F1A7FEAE1767FECFEEFEFFFC8EFFF7F3FBAF176E3FF3EE2E1FF3FE2D9EF64
:40D0400038FE69DA7EEAED76EFDBFDFF7FE2F9FF3E9A7EEACE764DFEEFDBD9EE7FEC29F47EEABBEFB776FEE77FECF4FAE376FDFEF1F9E376FC7FF7FF0CF43EEF7CEC7FEAE2
:40D08000EF76D9EFEFDB19EFFDFF7FE2F9FF3E9A3EEF2CDB99EFDFFCB376A376FFBF3BAA19EFD9FCB376A376D9EEA976FFF515FE3EF529F408FDF1DEA976D0760478BCDF1C
:40D0C000FCFC1000A85BA37629F47EEA08FAF7FF0EF47EEAD2767D0988FF69DA7EEA29F4FEFEF4FAF7FF0EF47EEAF4FAF9FCE37699EFF3FF3E1ABEEE99EF7FEC07FEFE7F8F
:40D100003BEAFFBF3CEAFDF5F9FE9776A176E3FDAFBAE8DE9F76DFFDABACE8DE9F76F4FDACFFA85D9776A176D6FDB0ABE8DE9F76EFEE2FEF6FEF7FECA176B576BFEFB576FA
:40D14000FFEE7BEA7EEAAF76EFFF3BEA99EFD9EEF8FCB376FFBF3BAAA376FFF5D9EFEFDB3FEFFDFE9976FFEEFCFDB376A376D9EEFFF5B1FDC2FF68DFA976D476D67604780D
:40D18000BCDF19FC18002E5AA37602FD33F4EBF52BF4C10888FF3EF501FC29F401FD29F429F47EEAE7F688EFF4FAE87A9B0008F6ECFCF5FFA85DE9FED9F63EE2FCFDCDF6F4
:40D1C0003EE299EFD9F5D876FE7B3B0008F6D9F5FEFF19EAFE7678FF4DFFFEFCF5FF685FFBFCC5FF685F0FFCD3FF685FC57659EFF278BB76FBFF3FEAD9EF7DEA9976FFEE6D
:40D20000FDFDEB7A9B760BFE29F478FF50FF78FF47FF04FCFFE612FE7EF578FF4DFFFBFCF5FFA85DF8FCC5FFA85DF7FCD3FFA85D7BEAEB7AF976D9EEEAFCFFE61BF401FD5B
:40D240002BF42BF4EBDA7BEE1AFE0E7618FE0C7616FE0A76FF0788FFF5FF366AFDFD31F608F43EF501FD29F429F47EEAF1FAF2F9ED7AD5FF08F6BF76FF76C0FF3DEA99EF42
:40D28000D9F5DA76FE7B7FFF08F6D9F5FE76C50788FF3EF5FD76FEF929F443FEF1F57EF507FDDDFFA85D05FCF5FFA85DFF76BD6BE87637FEFEFF31EA02F93FF5FF76DFFFC9
:40D2C0003D6A03FEF1FF3F9AFCF9FFF4F5FEFD76FDFAC7FFE8DFB3F53FE223FE000031EA7EEAEBFF399AC9767FEE8BFB08F699EFE07AA1763EF5DDFA31F4CFFCF5FF685FE3
:40D30000CCFCC5FF685FD4FCDDFF685FD5FCC4FF685FE3FCD3FF685FC576B978BB76E3FF3FEAD9F5EA760AFCB0ABE8DE9F76FBFDB0B8E8DE750688FF750488FFF4FDFC7AB3
:40D34000C7763EF5C576EFFDB1BAE8DE9F76F2FDB7ABE8DE9F76F7FF399A7EEAF9FF399AF30688FF3EF5BD76F7FF399A7EEAF9FF399AF6FCFEFEF4F9FCFEF2FBFAFEF0FA22
:40D38000F8FEEEF8F6FEECFDFFC2FFC1C2C1FFC3C2C3C1C3F7FF81FFE3767FEE9D76AEDB7EEE99EF1C7AA17659EF47F33D9A3DF3AD0C3D9AEC76047847F368DFFBFCEDDE32
:40D3C00053F33DEAFB753EF5FDFCC2FF68DFFAFCC1FF68DF9F769D76027AA176F076EE76730688FFEFEE2FEF6FEF7FEAF87AA176F7FDC2FF68DFC576D9EF9976FFEEFDFD5A
:40D40000EF7A9B7678FF3FEF2CF478FF3FF47BEAA576D9EE7EF5F9FDD7FFA85D2CF4F4FC1FF768DCF4FCB376F2FCA376FFF53EF5ED7AA9767FE1B1EAFFEF09E961E4CBEA6C
:40D440000FE853E753E591E5F3E549E3C59EE3A263D0599D94FA1CC13FE311F8A0EE7D9E0DFEF5FF399A78FFFBF5FCF5FDF508762D0188FFFDFCFC7A9B767EEA78FF29F4AE
:40D480005FEA5FEA5FEA7FEA7EEA267AA176D9EF7EEA5EEF1EEFDEEEFDFF7EE2BFEF1C7BA176E1FDD7FF68DFC576D9EF19EF19EB19EB19EB7FEA2CDB78FF69DA7AEA7EEAF3
:40D4C0000B7AA176FBFF7EE299EF9776B576FFF5B57699EE7FEAF076FE7AA176D9EE1FFDD7FF68DFC576E8FDB376A37619EB3BEB2CF4C4FCB3767BEFFF9F3DAAFFF5B8FC46
:40D50000A376BCFCBB7AC776C576B8FDB1FF68DFC57616FEE1FD7FE168DCB0FE29F478FFF7FF399A7EEA7BEA7CEA7DEA35F67FEEF9FF391AFEEF99EF7FEEFDEF9D767FEA1E
:40D54000EC7BA176EBFF19E399FDD7FF68DFC57695FE047809F428DFFBFC3FDB1FF43CEA7F9F7DBADCFCDB7AC776C576A776A7767F9F7DBCD4FCD37AC776C576A776A776A2
:40D580007FEF7DBC3F0019EAC4FCB9FF68DFC6FE10FCD1FF68DF78FFFBEBFCEBFDEB78FF7BEA7CEA7DEA0B7AF9767FEEF9FF391A7EEAEDFDF07AC776C57699EFC87637E842
:40D5C0009BEA05EAE1EA75EBA1FFD5D0D4D2FFD6FE7654FE2AF529F404FA31F478FF4DFF29F4FCFD1AF4F07678FF50FF29F4FCFD1AF44CF93FF4F7FCD6FFE8DF2EF931F41D
:40D600007BEA7CEA7DEAF9FF399A7EEA7FEAFFFF05F699E6BDE62EF47EEE99EF9D767FEE29F4EAEF87F53F9A3FF38DF53F1A01FDF15788F53FEAEAEF29FA9AD67EEAAAEFBA
:40D640007EF302FDFDFF895788F53EEAAAEF7EF301FDBF5788F53EEA99EFD0F831F403FE7FEFFDFE7DEA3EF5FFF5047D8EF5E8DFF8FCFD5788F53FEAC57659EF6AEA3DFFBD
:40D6800008F699E63EF50AFED9EF9D7615FE01004AF5D9F5F8FDD7FF68DFC576F7FEFBF5FCF5FDF57FEFF9FDD2FF68DFF7FCD4FF68DFC5768E78BB76000019EAB576FFF584
:40D6C000E07622FEB776B576BFEFFBFDC2FF68DFC576F7FDD6FF68DFB576FFEEF27AA976F0FDD7FF68DFC576B5767FEFFF9F3DAAE87AE7FCC776C576E4FDB1B9E8DE9F767A
:40D70000DC76E2764F0388FF3EF52BFCD3FF68DFC5767EEAFA9FF678BB76F47AAD763EFF7EEFB5767FEFB57699EF7FEA7DEAE476FEFCD6FF68DFC576F1AFFAFDAB76F776F1
:40D74000FAFDD3FF685FC57631FFD9EFF1FDAB76F776EEFDD7FF68DFC576D9EED2FDE87A9B76F67621FEC37640FCFEFFE8DFAF76FDFF3BEA7FF5FFBE3FEDF4FC7CEA04FE5F
:40D780002CF431EFFCFCB37600E03FEAEBFCA376FFDF3BEAD9F5B8FEF3F0C8F5FA768D0288FFEDF0FEFF08EAFAFDC376F776B576FFDF3FAADFF03FE2890288FFD3F0FEFF35
:40D7C00008EA59F8B8E808EA7EF5C7F03EE2C5F0C8F5B176DFFF9AF090948B8DDF8C8C8BF190190288FFADF0C8F5FD76FB76C976A1F73FEAFD76FFFF00F500000000000084
:40D80000F5FFF0F29B8AF189D7EFC5FBBFF6B5F7B5F7CFFB4BF26DF039F19BF36DF777F7E3F24DFA21F727F355F75BF793F727F393F1C3F3E5FADBFFBADBB6A5B0B2B1BBB1
:40D84000ADBEBBDBB0B3B9DBBBBABBDBBAB1AFDBABB0DBACA9BAACBEABDBAFAAB6B1ABDBBAA7DBB1B0ADDBB9B6B9B0DBB0ABDBB8AABDB0ACDBB8B1ABADB6DBAFABBAB3BAFE
:40D88000BBBAB2DBBBB6BEDBBEABDBBBADB1ABAAADBABADBB0ADACABADBAB1DBADAAB2DBADBABBDBBABEDBADBAABDBB3ACABB3B6DE768F0188FF03FDF5FF685B6E6DA3E8EB
:40D8C0003DEA027CBDDF5B67BBEEFA9FBDEE0379BADFF7FEFA9FFE76FC79BB763FEFB1767CEAC176FEFDC376E4F900E0E8DFE1FC3FF4F77619EFBC1FA3E83EEAB17655FE44
:40D900003EF5FDFCC776C576A3E83EEABCEF7EF5CC7606FDF5FFA85D05FCDDFFA85D7EF50AFE7EF5F5FCF5FFA85712FCC5FFA85BF7FCDDFFA85DFEEE1BFDC5FF685FE7FC65
:40D94000F5FF685F49FEF8FCC776BBEF3EF5C5760EFDB1FF685FC5760AFDBAFF685FC57606FDB7FF685FC576EDFDABFF685FC576FEEEE2FD12FF68DFCAFC1CFF685F03FDC1
:40D98000F5FF285B2E6DBBEF6E6F1FFF3D9AFC7665FE88FFF5F785FF3DF31F003DBAF87E0B0408F639FDDBEE08F412FE7DF5BCEFEFFCDBFFE85D02FDDBFFE85B09FEE7FC0C
:40D9C000DBFFE85D7CF5FAFD2F5702FCDFFF285BFDF56FF83FEABCEF42FCF5FFA85DF776A3E83EEA06FCF5FF68DFC576BF7693EEC8F5C976C7F73FEA97EEC8F589EEC8F5B0
:40DA0000FD7681EEFEFF08EA8BEEC8F575EEC8F577EEC8F565EE39E275EEC8F57AF573EE3AE2C3FE6FEEC8EFFBF208F6B379BADFFEFE5BEE88DFFCFC55EE08F4DAFC51EEA6
:40DA400008F4F876FEFCF5FF3D5AAFFCC5FF3D5A5B0308F6F6FEC176F4FDC376B176CEFE69DA0BFEC176FDF9FDFFC9DF07FAF1DF7EEAF77699EFF579BADFBD7619EFD9EEB9
:40DA80003BEFFEFD3BF40BEE3EE2B976B17689FF88FF05FE407DBADF7CEA3CFEBBEFBD763A7DBADF7CEAF9FDC37619EFFFEEF8F8FFDEBCEF347DBADF7BEAC376D9EE41FF7D
:40DAC00088FF02FD3EF5FF76BFFF3EEAFDF5F9FCB5ED08F41F783BDFFD761CFEFF76FDFCF5FF685F05FEFF7615FCDBFF685FFD6B05FE02FDDBFFE85BFBFA3EF57EEF6FF879
:40DB00003FEA1F003DBAEE7F5FFF5FFF3D6BC1FD71ED08F4BBEECDFD3BF477ED3CE2CFFD3FEFB976B176FE7678FFFE79B9DEF9FFC9EEFBFF59E259EF19EF78FF7BAFC57640
:40DB40003BFF7BEFC57678FF3CF35EFF7CF37CF53DED3CE278FF7F9A3FF3D9EF3FF35EFF78FFF7FF399AC976F8FFC9752FF47FEEF57621ED3EE27FEEF7FF391A78FF08F977
:40DB8000FBDF3BFFFB75FDFF7BE0027EDF76F276F47607FEF9FF08F678FF2FF43F9F7CEAA7767EEA7F9AF1767FF5FFEED9EF7EEF99EFEEF9FBDFFF003BBAFFFF7BE07DEA72
:40DBC000E77EDF76E67BA176D9EFC576C1FF08F6E0FDD3FFA85DE07AA17619EF78FF3BDFC7FF3C1A7CEEFB9FBBEE69FE88FFA5ECC8F58FECC8F597ECC8F57AF595EC3AE2EB
:40DC000087ECFEFF08EA1FFF88FF7BECFEFF08EA05FEFBF50AFED9F578FF7CEAFBEFFAFC3FF4F776F7FDD3FF3DDAC576D9EFF7763EF5F2FDC776C57678FF4BFF1CF900FFA5
:40DC4000E8DF19FA3FF478FF4DFF78FF50FFC5767BAFFDFDC776C5767BF37BF33BFF7BEF3F003DBAF27AF1FCC776C57678FF4DFF50FF78FF50FFFEFC0AF9FDDF7FEAFDEFAA
:40DC80007EEAF77699EFD9EFF479BADFBD7603EC3EE278FF02FDF5FFA85B78FF7EEF3AEF03FEAC6BFD79BADFBD76BDEFBCEFB176FBFEFE9EBDEF3EEF78FF4DFF78FF50FFAE
:40DCC000A776FC79FFDBE8DFF9FD3EF47BEA7CEAF17619EFD9EE7EF57FF5FF003EBAFF003FBA0DFEFC9FAD76FCFF3E63FDFF3F6312FE2CF4FDFC3FF40EFEFBFF3C9AFDFFBB
:40DD00003C9AFAF978FF3CF47EEA7FEAFCF515783ADF147939DFD9EF99EF1079B9DEF3FC3CF4F9FEEFFF3C9AEDFDFFBF3FDA00E03FBAECFCFBDF7FBC3FEDFE7678FF7BEA09
:40DD4000EAEF3AF35EFF7AF37AF543EB88EEF9FD3DEB08F4F379F9DEEBFF3B9ABBEED9EE78FFB576FFEEB5763FEFB5767FEF78FFB576B576B576BFEEB576FFF5B57678FF4D
:40DD80000DEBC8F509EB3AE2FBFC03EB08F4FDEAC8F578FF3EF505FDF5FFA85BFBFCC5FFA85D78FF03FCDFFF3D5ABD6B12FED3EAFEFF08EACFEA48EAFF76AFFF3DEAFF763D
:40DDC000A1FF3DEABFEAFEFF08EAB9EA19E2FDFF7DEAFDFCEFFF685F7F003DBAF1023D6259EF19FC88FF29F49BEAFEFF08EA99EAC8F5F876ECFE59EFD7F919EAD9F5D10244
:40DE0000BFFF08EA4BFEFD76FF76AAFF3D6AFF76A1FF3D6A78FFB902BFFF08AA67EAFEFF08EAA3E83EEAE676377854E828DFFBFCF5FF685F6C6FFF76EDFCEAFF3D5A5FFF49
:40DE40009FFF3D5A36FC80FF3D5A19FE8F003DEA7F02C8F5F0FEF5FF3DEAFD76F6FDF2FF3D5AD0FCEFFF685F7F003DBA15FCFDFF7DE3057F3574BD7E35F401EA48F575751C
:40DE80004F02C8F5FDFD8F0068DFF5E93DE2F5E9C8F5E0FCF3E908F4A3E83CEAFDFE3CF5FF76A3FF3DEAFA79A3E83CDAF5FDD9E908F403FEFF7607FCFD6BC2F73FEACBE9E2
:40DEC000010008EA78FF7EEAFDFF4E6F037F3674ABE948F5F9FCADE908F47DEA7FEAFD76D9EF59EFFAF8B7FFA1E928D29DE948F5F1FE8BE93EE2FCFC8DE908F48B003EEA31
:40DF000099EF78FF4DFF50FF78FF50FFFDF9A5FF68DFFAFABEFF68DF78FF4BFFFDF9C6FF68DFF2FACFFF68DFF9E12DFD3DFDF3F3F9FA05FB7FF613FB9BFB1FFB2BFC05FC72
:40DF4000A1FC77FC51FDE1FC1FFD61FDF7FBA9FB59FC5BFE6FFC51FC6BFDE7FE79FEE5EB05ECF5E351E617E9A5E64DE61FE65DE6CBE8C5E88DE92FE93BE905EA9BEAC3EA23
:40DF8000E1EA75EB19EC8DECBDECE3ECC7EF3BFB83FEC1FEFFFF9AF090948B8DDF8CDFDFDFDF9EDF9D948496F19078FF7EEAB176FEFD29F4FD76FB76C97669FF3FEAFD76DB
:40DFC000F57699EF63FF3FEA7EEF99EFA9F719EAA9E839E2AFE8FEFF08EAADE8C8F5F6F9BFFF68DF7DEA7F0031BA78E85388319A31F3FB7871F359E8FDFF311AFDFF49EC08
:40E00000FFFFC1FFFFFFC5FFFFFFC9FFFFFFA1FDCA76D1FFA0FFD1FFFFFFFFFFF7BEFFFFFFFFBFFFFFFFE5FFFFFFE9FFFFFFEDFFFFFFF1FFFFFFF5FFFFFFF9FF81E888FF9C
:40E040000103FFFFFFFF00FFFFFFFFFFFFFFFFFFFFFFFFFFFFFFFFFFFFFFFFFFFFFFFFFFFFFFFFFFFFFFFFFFFFFFFFFFFFFFFFFFFFFFFFFFFFFFFFFFFFFFFFFFFFFFFFFFD9
:40E08000FFFFFFFFFFFFFFFFFFFFFFFFFFFFFFFFFFFFFFFFFFFFFFFFFFFFFFFFFFFFFFFFFFFFFFFFFFFFFFFFFFFFFFFFFFFFFFFFFFFFFFFFFFFFFFFFFFFFFFFFFFFFFFFFA0
:40E0C000FFFFFFFFFFFFFFFFFFFFFFFFFFFFFFFFFFFFFFFFFFFFFFFFFFFFFFFFFFFFFFFFFFFFFFFFFFFFFFFFFFFFFFFFFFFFFFFFFFFFFFFFFFFFFFFFFFFFFFFFFFFFFFFF60
:40E10000FFFFFFFFFFFFFFFFFFFFFFFFFFFFFFFFFFFFFFFFFFFFFFFFFFFFFFFFFFFFFFFFFFFFFFFFFFFFFFFFFFFFFFFFFFFFFFFFFFFFFFFFFFFFFFFFFFFFFFFFFFFFFFFF1F
:40E14000FFFFFFFFFFFFFFFFFFFFFFFFFFFFFFFFFFFFFFFFFFFFFFFFFFFFFFFFFFFFFFFFFFFFFFFFFFFFFFFFFFFFFFFFFFFFFFFFFFFFFFFFFFFFFFFFFFFFFFFFFFFFFFFFDF
:40E18000FFFFFFFFFFFFFFFFFFFFFFFFFFFFFFFFFFFFFFFFFFFFFFFFFFFFFFFFFFFFFFFFFFFFFFFFFFFFFFFFFFFFFFFFFFFFFFFFFFFFFFFFFFFFFFFFFFFFFFFFFFFFFFFF9F
:40E1C000FFFFFFFFFFFFFFFFFFFFFFFFFFFFFFFFFFFFFFFFFFFFFFFFFFFFFFFFFFFFFFFFFFFFFFFFFFFFFFFFFFFFFFFFFFFFFFFFFFFFFFFFFFFFFFFFFFFFFFFFFFFFFFFF5F
:40E20000FFFFFFFFFFFFFFFFFFFFFFFFFFFFFFFFFFFFFFFFFFFFFFFFFFFFFFFFFFFFFFFFFFFFFFFFFFFFFFFFFFFFFFFFFFFFFFFFFFFFFFFFFFFFFFFFFFFFFFFFFFFFFFFF1E
:40E24000FFFFFFFFFFFFFFFFFFFFFFFFFFFFFFFFFFFFFFFFFFFFFFFFFFFFFFFFFFFFFFFFFFFFFFFFFFFFFFFFFFFFFFFFFFFFFFFFFFFFFFFFFFFFFFFFFFFFFFFFFFFFFFFFDE
:40E28000FFFFFFFFFFFFFFFFFFFFFFFFFFFFFFFFFFFFFFFFFFFFFFFFFFFFFFFFFFFFFFFFFFFFFFFFFFFFFFFFFFFFFFFFFFFFFFFFFFFFFFFFFFFFFFFFFFFFFFFFFFFFFFFF9E
:40E2C000FFFFFFFFFFFFFFFFFFFFFFFFFFFFFFFFFFFFFFFFFFFFFFFFFFFFFFFFFFFFFFFFFFFFFFFFFFFFFFFFFFFFFFFFFFFFFFFFFFFFFFFFFFFFFFFFFFFFFFFFFFFFFFFF5E
:40E30000FFFFFFFFFFFFFFFFFFFFFFFFFFFFFFFFFFFFFFFFFFFFFFFFFFFFFFFFFFFFFFFFFFFFFFFFFFFFFFFFFFFFFFFFFFFFFFFFFFFFFFFFFFFFFFFFFFFFFFFFFFFFFFFF1D
:40E34000FFFFFFFFFFFFFFFFFFFFFFFFFFFFFFFFFFFFFFFFFFFFFFFFFFFFFFFFFFFFFFFFFFFFFFFFFFFFFFFFFFFFFFFFFFFFFFFFFFFFFFFFFFFFFFFFFFFFFFFFFFFFFFFFDD
:40E38000FFFFFFFFFFFFFFFFFFFFFFFFFFFFFFFFFFFFFFFFFFFFFFFFFFFFFFFFFFFFFFFFFFFFFFFFFFFFFFFFFFFFFFFFFFFFFFFFFFFFFFFFFFFFFFFFFFFFFFFFFFFFFFFF9D
:40E3C000FFFFFFFFFFFFFFFFFFFFFFFFFFFFFFFFFFFFFFFFFFFFFFFFFFFFFFFFFFFFFFFFFFFFFFFFFFFFFFFFFFFFFFFFFFFFFFFFFFFFFFFFFFFFFFFFFFFFFFFFFFFFFFFF5D
:40E40000FFFFFFFFFFFFFFFFFFFFFFFFFFFFFFFFFFFFFFFFFFFFFFFFFFFFFFFFFFFFFFFFFFFFFFFFFFFFFFFFFFFFFFFFFFFFFFFFFFFFFFFFFFFFFFFFFFFFFFFFFFFFFFFF1C
:40E44000FFFFFFFFFFFFFFFFFFFFFFFFFFFFFFFFFFFFFFFFFFFFFFFFFFFFFFFFFFFFFFFFFFFFFFFFFFFFFFFFFFFFFFFFFFFFFFFFFFFFFFFFFFFFFFFFFFFFFFFFFFFFFFFFDC
:40E48000FFFFFFFFFFFFFFFFFFFFFFFFFFFFFFFFFFFFFFFFFFFFFFFFFFFFFFFFFFFFFFFFFFFFFFFFFFFFFFFFFFFFFFFFFFFFFFFFFFFFFFFFFFFFFFFFFFFFFFFFFFFFFFFF9C
:40E4C000FFFFFFFFFFFFFFFFFFFFFFFFFFFFFFFFFFFFFFFFFFFFFFFFFFFFFFFFFFFFFFFFFFFFFFFFFFFFFFFFFFFFFFFFFFFFFFFFFFFFFFFFFFFFFFFFFFFFFFFFFFFFFFFF5C
:40E50000FFFFFFFFFFFFFFFFFFFFFFFFFFFFFFFFFFFFFFFFFFFFFFFFFFFFFFFFFFFFFFFFFFFFFFFFFFFFFFFFFFFFFFFFFFFFFFFFFFFFFFFFFFFFFFFFFFFFFFFFFFFFFFFF1B
:40E54000FFFFFFFFFFFFFFFFFFFFFFFFFFFFFFFFFFFFFFFFFFFFFFFFFFFFFFFFFFFFFFFFFFFFFFFFFFFFFFFFFFFFFFFFFFFFFFFFFFFFFFFFFFFFFFFFFFFFFFFFFFFFFFFFDB
:40E58000FFFFFFFFFFFFFFFFFFFFFFFFFFFFFFFFFFFFFFFFFFFFFFFFFFFFFFFFFFFFFFFFFFFFFFFFFFFFFFFFFFFFFFFFFFFFFFFFFFFFFFFFFFFFFFFFFFFFFFFFFFFFFFFF9B
:40E5C000FFFFFFFFFFFFFFFFFFFFFFFFFFFFFFFFFFFFFFFFFFFFFFFFFFFFFFFFFFFFFFFFFFFFFFFFFFFFFFFFFFFFFFFFFFFFFFFFFFFFFFFFFFFFFFFFFFFFFFFFFFFFFFFF5B
:40E60000FFFFFFFFFFFFFFFFFFFFFFFFFFFFFFFFFFFFFFFFFFFFFFFFFFFFFFFFFFFFFFFFFFFFFFFFFFFFFFFFFFFFFFFFFFFFFFFFFFFFFFFFFFFFFFFFFFFFFFFFFFFFFFFF1A
:40E64000FFFFFFFFFFFFFFFFFFFFFFFFFFFFFFFFFFFFFFFFFFFFFFFFFFFFFFFFFFFFFFFFFFFFFFFFFFFFFFFFFFFFFFFFFFFFFFFFFFFFFFFFFFFFFFFFFFFFFFFFFFFFFFFFDA
:40E68000FFFFFFFFFFFFFFFFFFFFFFFFFFFFFFFFFFFFFFFFFFFFFFFFFFFFFFFFFFFFFFFFFFFFFFFFFFFFFFFFFFFFFFFFFFFFFFFFFFFFFFFFFFFFFFFFFFFFFFFFFFFFFFFF9A
:40E6C000FFFFFFFFFFFFFFFFFFFFFFFFFFFFFFFFFFFFFFFFFFFFFFFFFFFFFFFFFFFFFFFFFFFFFFFFFFFFFFFFFFFFFFFFFFFFFFFFFFFFFFFFFFFFFFFFFFFFFFFFFFFFFFFF5A
:40E70000FFFFFFFFFFFFFFFFFFFFFFFFFFFFFFFFFFFFFFFFFFFFFFFFFFFFFFFFFFFFFFFFFFFFFFFFFFFFFFFFFFFFFFFFFFFFFFFFFFFFFFFFFFFFFFFFFFFFFFFFFFFFFFFF19
:40E74000FFFFFFFFFFFFFFFFFFFFFFFFFFFFFFFFFFFFFFFFFFFFFFFFFFFFFFFFFFFFFFFFFFFFFFFFFFFFFFFFFFFFFFFFFFFFFFFFFFFFFFFFFFFFFFFFFFFFFFFFFFFFFFFFD9
:40E78000FFFFFFFFFFFFFFFFFFFFFFFFFFFFFFFFFFFFFFFFFFFFFFFFFFFFFFFFFFFFFFFFFFFFFFFFFFFFFFFFFFFFFFFFFFFFFFFFFFFFFFFFFFFFFFFFFFFFFFFFFFFFFFFF99
:40E7C000FFFFFFFFFFFFFFFFFFFFFFFFFFFFFFFFFFFFFFFFFFFFFFFFFFFFFFFFFFFFFFFFFFFFFFFFFFFFFFFFFFFFFFFFFFFFFFFFFFFFFFFFFFFFFFFFFFFFFFFFFFFFFFFF59
:40E80000FFFFFFFFFFFFFFFFFFFFFFFFFFFFFFFFFFFFFFFFFFFFFFFFFFFFFFFFFFFFFFFFFFFFFFFFFFFFFFFFFFFFFFFFFFFFFFFFFFFFFFFFFFFFFFFFFFFFFFFFFFFFFFFF18
:40E84000FFFFFFFFFFFFFFFFFFFFFFFFFFFFFFFFFFFFFFFFFFFFFFFFFFFFFFFFF5FFBAF2B0BBDFB2BAADB6ABA8ADAFBAABA6A9DFDFABB1B8ADB6ABBABAB1D3DFB1BABBB00B
:40E88000ACDFACABABBAB3DFBEB3ABFFBAACDFABABBAADB6D2A8B9A6BBB6B2B0BBD2BABEFFADBBDFBABEDFADDFFFABBAADB0DFA8B3C5BEB6DFB9F5FFB3F2BEB6DFB9F5FF6D
:40E8C000D1F2D1D1ACABABBAB2DFADBEBBDFBBBABAB1A7ABDFBAB8B7B7B6F5FFD1F2D1D1ACABABBAB2DFADBEBBDFBBBABAB1A7ABDFBAB0A8FFB3F2F5D1D1ABD1BAACDFAB45
:40E90000BEB2DFADB6B1B2BEF5FFACF2BEACDFAF6EFEBA083EEAB90008F6BEEED10008F657083EEAAB0008F6FEEEC30008F665083EEA1EFCBBDEFFFF3AE8C0A43BEAFEFF27
:40E94000A06EA4FF3A6AF5FDBBDEFFFF3AE8C0553BEAFFFFA06EC0FF3A6AF5EEAA553BEAFDF58B0008F650083EEA41FEBF083EEA2281FDFF3D9ADDFDBBDE7AEDF5EEFBF59B
:40E98000D8FDBBDE7AEDF5EE55AA3BEAD2FDBBDE7AEDF5EEAA553BEAFDEE350008F67BEF7EEF590008F6F2FF3F6A430008F678FF7381490008F6CFFF3F9ABFF33EF3BFF390
:40E9C0003EF3BFF33EF3FFF5FAFEF9FF3D6AFFF578FF00FCFFFF68DE0AFE8900E06F03FC8B007FFF20CAF8FCFFFFE85FBF6B78FF8900E06F03FC8B007FFF20CA10FEFDFF4D
:40EA000008F6F5FF3F6A0BFDF2FF3E5AEFFF08F6FEEF8D003F6803FC8F007FFF20CACFFF08F639083EEA43FF08F683FF08F6FFFE3CEAFF073DEA89083EEA73FF08F6FFF446
:40EA40003CEAFF1F3DEAA4083EEA3100F3FF20BAFFFFFFFFFFFFFFFFFFFFFFFFFFFFFFFFFFFFFFFFFFFFFFFFFFFFFFFFFFFFFFFFFFFFFFFFFFFFFFFFFFFFFFFFFFFFFFFF8A
:40EA8000FFFFFFFFFFFFFFFFFFFFFFFFFFFFFFFFFFFFFFFFFFFFFFFFFFFFFFFFFFFFFFFFFFFFFFFFFFFFFFFFFFFFFFFFFFFFFFFFFFFFFFFFFFFFFFFFFFFFFFFFFFFFFFFF96
:40EAC000FFFFFFFFFFFFFFFFFFFFFFFFFFFFFFFFFFFFFFFFFFFFFFFFFFFFFFFFFFFFFFFFFFFFFFFFFFFFFFFFFFFFFFFFFFFFFFFFFFFFFFFFFFFFFFFFFFFFFFFFFFFFFFFF56
:40EB0000FFFFFFFFFFFFFFFFFFFFFFFFFFFFFFFFFFFFFFFFFFFFFFFFFFFFFFFFFFFFFFFFFFFFFFFFFFFFFFFFFFFFFFFFFFFFFFFFFFFFFFFFFFFFFFFFFFFFFFFFFFFFFFFF15
:40EB4000FFFFFFFFFFFFFFFFFFFFFFFFFFFFFFFFFFFFFFFFFFFFFFFFFFFFFFFFFFFFFFFFFFFFFFFFFFFFFFFFFFFFFFFFFFFFFFFFFFFFFFFFFFFFFFFFFFFFFFFFFFFFFFFFD5
:40EB8000FFFFFFFFFFFFFFFFFFFFFFFFFFFFFFFFFFFFFFFFFFFFFFFFFFFFFFFFFFFFFFFFFFFFFFFFFFFFFFFFFFFFFFFFFFFFFFFFFFFFFFFFFFFFFFFFFFFFFFFFFFFFFFFF95
:40EBC000FFFFFFFFFFFFFFFFFFFFFFFFFFFFFFFFFFFFFFFFFFFFFFFFFFFFFFFFFFFFFFFFFFFFFFFFFFFFFFFFFFFFFFFFFFFFFFFFFFFFFFFFFFFFFFFFFFFFFFFFFFFFFFFF55
:40EC0000FFFFFFFFFFFFFFFFFFFFFFFFFFFFFFFFFFFFFFFFFFFFFFFFFFFFFFFFFFFFFFFFFFFFFFFFFFFFFFFFFFFFFFFFFFFFFFFFFFFFFFFFFFFFFFFFFFFFFFFFFFFFFFFF14
:40EC4000FFFFFFFFFFFFFFFFFFFFFFFFFFFFFFFFFFFFFFFFFFFFFFFFFFFFFFFFFFFFFFFFFFFFFFFFFFFFFFFFFFFFFFFFFFFFFFFFFFFFFFFFFFFFFFFFFFFFFFFFFFFFFFFFD4
:40EC8000FFFFFFFFFFFFFFFFFFFFFFFFFFFFFFFFFFFFFFFFFFFFFFFFFFFFFFFFFFFFFFFFFFFFFFFFFFFFFFFFFFFFFFFFFFFFFFFFFFFFFFFFFFFFFFFFFFFFFFFFFFFFFFFF94
:40ECC000FFFFFFFFFFFFFFFFFFFFFFFFFFFFFFFFFFFFFFFFFFFFFFFFFFFFFFFFFFFFFFFFFFFFFFFFFFFFFFFFFFFFFFFFFFFFFFFFFFFFFFFFFFFFFFFFFFFFFFFFFFFFFFFF54
:40ED0000FFFFFFFFFFFFFFFFFFFFFFFFFFFFFFFFFFFFFFFFFFFFFFFFFFFFFFFFFFFFFFFFFFFFFFFFFFFFFFFFFFFFFFFFFFFFFFFFFFFFFFFFFFFFFFFFFFFFFFFFFFFFFFFF13
:40ED4000FFFFFFFFFFFFFFFFFFFFFFFFFFFFFFFFFFFFFFFFFFFFFFFFFFFFFFFFFFFFFFFFFFFFFFFFFFFFFFFFFFFFFFFFFFFFFFFFFFFFFFFFFFFFFFFFFFFFFFFFFFFFFFFFD3
:40ED8000FFFFFFFFFFFFFFFFFFFFFFFFFFFFFFFFFFFFFFFFFFFFFFFFFFFFFFFFFFFFFFFFFFFFFFFFFFFFFFFFFFFFFFFFFFFFFFFFFFFFFFFFFFFFFFFFFFFFFFFFFFFFFFFF93
:40EDC000FFFFFFFFFFFFFFFFFFFFFFFFFFFFFFFFFFFFFFFFFFFFFFFFFFFFFFFFFFFFFFFFFFFFFFFFFFFFFFFFFFFFFFFFFFFFFFFFFFFFFFFFFFFFFFFFFFFFFFFFFFFFFFFF53
:40EE0000FFFFFFFFFFFFFFFFFFFFFFFFFFFFFFFFFFFFFFFFFFFFFFFFFFFFFFFFFFFFFFFFFFFFFFFFFFFFFFFFFFFFFFFFFFFFFFFFFFFFFFFFFFFFFFFFFFFFFFFFFFFFFFFF12
:40EE4000FFFFFFFFFFFFFFFFFFFFFFFFFFFFFFFFFFFFFFFFFFFFFFFFFFFFFFFFFFFFFFFFFFFFFFFFFFFFFFFFFFFFFFFFFFFFFFFFFFFFFFFFFFFFFFFFFFFFFFFFFFFFFFFFD2
:40EE8000FFFFFFFFFFFFFFFFFFFFFFFFFFFFFFFFFFFFFFFFFFFFFFFFFFFFFFFFFFFFFFFFFFFFFFFFFFFFFFFFFFFFFFFFFFFFFFFFFFFFFFFFFFFFFFFFFFFFFFFFFFFFFFFF92
:40EEC000FFFFFFFFFFFFFFFFFFFFFFFFFFFFFFFFFFFFFFFFFFFFFFFFFFFFFFFFFFFFFFFFFFFFFFFFFFFFFFFFFFFFFFFFFFFFFFFFFFFFFFFFFFFFFFFFFFFFFFFFFFFFFFFF52
:40EF0000FFFFFFFFFFFFFFFFFFFFFFFFFFFFFFFFFFFFFFFFFFFFFFFFFFFFFFFFFFFFFFFFFFFFFFFFFFFFFFFFFFFFFFFFFFFFFFFFFFFFFFFFFFFFFFFFFFFFFFFFFFFFFFFF11
:40EF4000FFFFFFFFFFFFFFFFFFFFFFFFFFFFFFFFFFFFFFFFFFFFFFFFFFFFFFFFFFFFFFFFFFFFFFFFFFFFFFFFFFFFFFFFFFFFFFFFFFFFFFFFFFFFFFFFFFFFFFFFFFFFFFFFD1
:40EF8000FFFFFFFFFFFFFFFFFFFFFFFFFFFFFFFFFFFFFFFFFFFFFFFFFFFFFFFFFFFFFFFFFFFFFFFFFFFFFFFFFFFFFFFFFFFFFFFFFFFFFFFFFFFFFFFFFFFFFFFFFFFFFFFF91
:40EFC000FFFFFFFFFFFFFFFFFFFFFFFFFFFFFFFFFFFFFFFFFFFFFFFFFFFFFFFFFFFFFFFFFFFFFFFFFFFFFFFFFFFFFFFFFFFFFFFFFFFFFFFFFFFFFFFFFFFFFFFFFFFFFFFF51
:40F00000FFFFFFFFFFFFFFFFFFFFFFFFFFFFFFFFFFFFFFFFFFFFFFFFFFFFFFFFFFFFFFFFFFFFFFFFFFFFFFFFFFFFFFFFFFFFFFFFFFFFFFFFFFFFFFFFFFFFFFFFFFFFFFFF10
:40F04000FFFFFFFFFFFFFFFFFFFFFFFFFFFFFFFFFFFFFFFFFFFFFFFFFFFFFFFFFFFFFFFFFFFFFFFFFFFFFFFFFFFFFFFFFFFFFFFFFFFFFFFFFFFFFFFFFFFFFFFFFFFFFFFFD0
:40F08000FFFFFFFFFFFFFFFFFFFFFFFFFFFFFFFFFFFFFFFFFFFFFFFFFFFFFFFFFFFFFFFFFFFFFFFFFFFFFFFFFFFFFFFFFFFFFFFFFFFFFFFFFFFFFFFFFFFFFFFFFFFFFFFF90
:40F0C000FFFFFFFFFFFFFFFFFFFFFFFFFFFFFFFFFFFFFFFFFFFFFFFFFFFFFFFFFFFFFFFFFFFFFFFFFFFFFFFFFFFFFFFFFFFFFFFFFFFFFFFFFFFFFFFFFFFFFFFFFFFFFFFF50
:40F10000FFFFFFFFFFFFFFFFFFFFFFFFFFFFFFFFFFFFFFFFFFFFFFFFFFFFFFFFFFFFFFFFFFFFFFFFFFFFFFFFFFFFFFFFFFFFFFFFFFFFFFFFFFFFFFFFFFFFFFFFFFFFFFFF0F
:40F14000FFFFFFFFFFFFFFFFFFFFFFFFFFFFFFFFFFFFFFFFFFFFFFFFFFFFFFFFFFFFFFFFFFFFFFFFFFFFFFFFFFFFFFFFFFFFFFFFFFFFFFFFFFFFFFFFFFFFFFFFFFFFFFFFCF
:40F18000FFFFFFFFFFFFFFFFFFFFFFFFFFFFFFFFFFFFFFFFFFFFFFFFFFFFFFFFFFFFFFFFFFFFFFFFFFFFFFFFFFFFFFFFFFFFFFFFFFFFFFFFFFFFFFFFFFFFFFFFFFFFFFFF8F
:40F1C000FFFFFFFFFFFFFFFFFFFFFFFFFFFFFFFFFFFFFFFFFFFFFFFFFFFFFFFFFFFFFFFFFFFFFFFFFFFFFFFFFFFFFFFFFFFFFFFFFFFFFFFFFFFFFFFFFFFFFFFFFFFFFFFF4F
:40F20000FFFFFFFFFFFFFFFFFFFFFFFFFFFFFFFFFFFFFFFFFFFFFFFFFFFFFFFFFFFFFFFFFFFFFFFFFFFFFFFFFFFFFFFFFFFFFFFFFFFFFFFFFFFFFFFFFFFFFFFFFFFFFFFF0E
:40F24000FFFFFFFFFFFFFFFFFFFFFFFFFFFFFFFFFFFFFFFFFFFFFFFFFFFFFFFFFFFFFFFFFFFFFFFFFFFFFFFFFFFFFFFFFFFFFFFFFFFFFFFFFFFFFFFFFFFFFFFFFFFFFFFFCE
:40F28000FFFFFFFFFFFFFFFFFFFFFFFFFFFFFFFFFFFFFFFFFFFFFFFFFFFFFFFFFFFFFFFFFFFFFFFFFFFFFFFFFFFFFFFFFFFFFFFFFFFFFFFFFFFFFFFFFFFFFFFFFFFFFFFF8E
:40F2C000FFFFFFFFFFFFFFFFFFFFFFFFFFFFFFFFFFFFFFFFFFFFFFFFFFFFFFFFFFFFFFFFFFFFFFFFFFFFFFFFFFFFFFFFFFFFFFFFFFFFFFFFFFFFFFFFFFFFFFFFFFFFFFFF4E
:40F30000FFFFFFFFFFFFFFFFFFFFFFFFFFFFFFFFFFFFFFFFFFFFFFFFFFFFFFFFFFFFFFFFFFFFFFFFFFFFFFFFFFFFFFFFFFFFFFFFFFFFFFFFFFFFFFFFFFFFFFFFFFFFFFFF0D
:40F34000FFFFFFFFFFFFFFFFFFFFFFFFFFFFFFFFFFFFFFFFFFFFFFFFFFFFFFFFFFFFFFFFFFFFFFFFFFFFFFFFFFFFFFFFFFFFFFFFFFFFFFFFFFFFFFFFFFFFFFFFFFFFFFFFCD
:40F38000FFFFFFFFFFFFFFFFFFFFFFFFFFFFFFFFFFFFFFFFFFFFFFFFFFFFFFFFFFFFFFFFFFFFFFFFFFFFFFFFFFFFFFFFFFFFFFFFFFFFFFFFFFFFFFFFFFFFFFFFFFFFFFFF8D
:40F3C000FFFFFFFFFFFFFFFFFFFFFFFFFFFFFFFFFFFFFFFFFFFFFFFFFFFFFFFFFFFFFFFFFFFFFFFFFFFFFFFFFFFFFFFFFFFFFFFFFFFFFFFFFFFFFFFFFFFFFFFFFFFFFFFF4D
:40F40000FFFFFFFFFFFFFFFFFFFFFFFFFFFFFFFFFFFFFFFFFFFFFFFFFFFFFFFFFFFFFFFFFFFFFFFFFFFFFFFFFFFFFFFFFFFFFFFFFFFFFFFFFFFFFFFFFFFFFFFFFFFFFFFF0C
:40F44000FFFFFFFFFFFFFFFFFFFFFFFFFFFFFFFFFFFFFFFFFFFFFFFFFFFFFFFFFFFFFFFFFFFFFFFFFFFFFFFFFFFFFFFFFFFFFFFFFFFFFFFFFFFFFFFFFFFFFFFFFFFFFFFFCC
:40F48000FFFFFFFFFFFFFFFFFFFFFFFFFFFFFFFFFFFFFFFFFFFFFFFFFFFFFFFFFFFFFFFFFFFFFFFFFFFFFFFFFFFFFFFFFFFFFFFFFFFFFFFFFFFFFFFFFFFFFFFFFFFFFFFF8C
:40F4C000FFFFFFFFFFFFFFFFFFFFFFFFFFFFFFFFFFFFFFFFFFFFFFFFFFFFFFFFFFFFFFFFFFFFFFFFFFFFFFFFFFFFFFFFFFFFFFFFFFFFFFFFFFFFFFFFFFFFFFFFFFFFFFFF4C
:40F50000FFFFFFFFFFFFFFFFFFFFFFFFFFFFFFFFFFFFFFFFFFFFFFFFFFFFFFFFFFFFFFFFFFFFFFFFFFFFFFFFFFFFFFFFFFFFFFFFFFFFFFFFFFFFFFFFFFFFFFFFFFFFFFFF0B
:40F54000FFFFFFFFFFFFFFFFFFFFFFFFFFFFFFFFFFFFFFFFFFFFFFFFFFFFFFFFFFFFFFFFFFFFFFFFFFFFFFFFFFFFFFFFFFFFFFFFFFFFFFFFFFFFFFFFFFFFFFFFFFFFFFFFCB
:40F58000FFFFFFFFFFFFFFFFFFFFFFFFFFFFFFFFFFFFFFFFFFFFFFFFFFFFFFFFFFFFFFFFFFFFFFFFFFFFFFFFFFFFFFFFFFFFFFFFFFFFFFFFFFFFFFFFFFFFFFFFFFFFFFFF8B
:40F5C000FFFFFFFFFFFFFFFFFFFFFFFFFFFFFFFFFFFFFFFFFFFFFFFFFFFFFFFFFFFFFFFFFFFFFFFFFFFFFFFFFFFFFFFFFFFFFFFFFFFFFFFFFFFFFFFFFFFFFFFFFFFFFFFF4B
:40F60000FFFFFFFFFFFFFFFFFFFFFFFFFFFFFFFFFFFFFFFFFFFFFFFFFFFFFFFFFFFFFFFFFFFFFFFFFFFFFFFFFFFFFFFFFFFFFFFFFFFFFFFFFFFFFFFFFFFFFFFFFFFFFFFF0A
:40F64000FFFFFFFFFFFFFFFFFFFFFFFFFFFFFFFFFFFFFFFFFFFFFFFFFFFFFFFFFFFFFFFFFFFFFFFFFFFFFFFFFFFFFFFFFFFFFFFFFFFFFFFFFFFFFFFFFFFFFFFFFFFFFFFFCA
:40F68000FFFFFFFFFFFFFFFFFFFFFFFFFFFFFFFFFFFFFFFFFFFFFFFFFFFFFFFFFFFFFFFFFFFFFFFFFFFFFFFFFFFFFFFFFFFFFFFFFFFFFFFFFFFFFFFFFFFFFFFFFFFFFFFF8A
:40F6C000FFFFFFFFFFFFFFFFFFFFFFFFFFFFFFFFFFFFFFFFFFFFFFFFFFFFFFFFFFFFFFFFFFFFFFFFFFFFFFFFFFFFFFFFFFFFFFFFFFFFFFFFFFFFFFFFFFFFFFFFFFFFFFFF4A
:40F70000FFFFFFFFFFFFFFFFFFFFFFFFFFFFFFFFFFFFFFFFFFFFFFFFFFFFFFFFFFFFFFFFFFFFFFFFFFFFFFFFFFFFFFFFFFFFFFFFFFFFFFFFFFFFFFFFFFFFFFFFFFFFFFFF09
:40F74000FFFFFFFFFFFFFFFFFFFFFFFFFFFFFFFFFFFFFFFFFFFFFFFFFFFFFFFFFFFFFFFFFFFFFFFFFFFFFFFFFFFFFFFFFFFFFFFFFFFFFFFFFFFFFFFFFFFFFFFFFFFFFFFFC9
:40F78000FFFFFFFFFFFFFFFFFFFFFFFFFFFFFFFFFFFFFFFFFFFFFFFFFFFFFFFFFFFFFFFFFFFFFFFFFFFFFFFFFFFFFFFFFFFFFFFFFFFFFFFFFFFFFFFFFFFFFFFFFFFFFFFF89
:40F7C000FFFFFFFFFFFFFFFFFFFFFFFFFFFFFFFFFFFFFFFFFFFFFFFFFFFFFFFFFFFFFFFFFFFFFFFFFFFFFFFFFFFFFFFFFFFFFFFFFFFFFFFFFFFFFFFFFFFFFFFFFFFFFFFF49
:40F80000FFFFFFFFFFFFFFFFFFFFFFFFFFFFFFFFFFFFFFFFFFFFFFFFFFFFFFFFFFFFFFFFFFFFFFFFFFFFFFFFFFFFFFFFFFFFFFFFFFFFFFFFFFFFFFFFFFFFFFFFFFFFFFFF08
:40F84000FFFFFFFFFFFFFFFFFFFFFFFFFFFFFFFFFFFFFFFFFFFFFFFFFFFFFFFFFFFFFFFFFFFFFFFFFFFFFFFFFFFFFFFFFFFFFFFFFFFFFFFFFFFFFFFFFFFFFFFFFFFFFFFFC8
:40F88000FFFFFFFFFFFFFFFFFFFFFFFFFFFFFFFFFFFFFFFFFFFFFFFFFFFFFFFFFFFFFFFFFFFFFFFFFFFFFFFFFFFFFFFFFFFFFFFFFFFFFFFFFFFFFFFFFFFFFFFFFFFFFFFF88
:40F8C000FFFFFFFFFFFFFFFFFFFFFFFFFFFFFFFFFFFFFFFFFFFFFFFFFFFFFFFFFFFFFFFFFFFFFFFFFFFFFFFFFFFFFFFFFFFFFFFFFFFFFFFFFFFFFFFFFFFFFFFFFFFFFFFF48
:40F90000FFFFFFFFFFFFFFFFFFFFFFFFFFFFFFFFFFFFFFFFFFFFFFFFFFFFFFFFFFFFFFFFFFFFFFFFFFFFFFFFFFFFFFFFFFFFFFFFFFFFFFFFFFFFFFFFFFFFFFFFFFFFFFFF07
:40F94000FFFFFFFFFFFFFFFFFFFFFFFFFFFFFFFFFFFFFFFFFFFFFFFFFFFFFFFFFFFFFFFFFFFFFFFFFFFFFFFFFFFFFFFFFFFFFFFFFFFFFFFFFFFFFFFFFFFFFFFFFFFFFFFFC7
:40F98000FFFFFFFFFFFFFFFFFFFFFFFFFFFFFFFFFFFFFFFFFFFFFFFFFFFFFFFFFFFFFFFFFFFFFFFFFFFFFFFFFFFFFFFFFFFFFFFFFFFFFFFFFFFFFFFFFFFFFFFFFFFFFFFF87
:40F9C000FFFFFFFFFFFFFFFFFFFFFFFFFFFFFFFFFFFFFFFFFFFFFFFFFFFFFFFFFFFFFFFFFFFFFFFFFFFFFFFFFFFFFFFFFFFFFFFFFFFFFFFFFFFFFFFFFFFFFFFFFFFFFFFF47
:40FA0000FFFFFFFFFFFFFFFFFFFFFFFFFFFFFFFFFFFFFFFFFFFFFFFFFFFFFFFFFFFFFFFFFFFFFFFFFFFFFFFFFFFFFFFFFFFFFFFFFFFFFFFFFFFFFFFFFFFFFFFFFFFFFFFF06
:40FA4000FFFFFFFFFFFFFFFFFFFFFFFFFFFFFFFFFFFFFFFFFFFFFFFFFFFFFFFFFFFFFFFFFFFFFFFFFFFFFFFFFFFFFFFFFFFFFFFFFFFFFFFFFFFFFFFFFFFFFFFFFFFFFFFFC6
:40FA8000FFFFFFFFFFFFFFFFFFFFFFFFFFFFFFFFFFFFFFFFFFFFFFFFFFFFFFFFFFFFFFFFFFFFFFFFFFFFFFFFFFFFFFFFFFFFFFFFFFFFFFFFFFFFFFFFFFFFFFFFFFFFFFFF86
:40FAC000FFFFFFFFFFFFFFFFFFFFFFFFFFFFFFFFFFFFFFFFFFFFFFFFFFFFFFFFFFFFFFFFFFFFFFFFFFFFFFFFFFFFFFFFFFFFFFFFFFFFFFFFFFFFFFFFFFFFFFFFFFFFFFFF46
:40FB0000FFFFFFFFFFFFFFFFFFFFFFFFFFFFFFFFFFFFFFFFFFFFFFFFFFFFFFFFFFFFFFFFFFFFFFFFFFFFFFFFFFFFFFFFFFFFFFFFFFFFFFFFFFFFFFFFFFFFFFFFFFFFFFFF05
:40FB4000FFFFFFFFFFFFFFFFFFFFFFFFFFFFFFFFFFFFFFFFFFFFFFFFFFFFFFFFFFFFFFFFFFFFFFFFFFFFFFFFFFFFFFFFFFFFFFFFFFFFFFFFFFFFFFFFFFFFFFFFFFFFFFFFC5
:40FB8000FFFFFFFFFFFFFFFFFFFFFFFFFFFFFFFFFFFFFFFFFFFFFFFFFFFFFFFFFFFFFFFFFFFFFFFFFFFFFFFFFFFFFFFFFFFFFFFFFFFFFFFFFFFFFFFFFFFFFFFFFFFFFFFF85
:40FBC000FFFFFFFFFFFFFFFFFFFFFFFFFFFFFFFFFFFFFFFFFFFFFFFFFFFFFFFFFFFFFFFFFFFFFFFFFFFFFFFFFFFFFFFFFFFFFFFFFFFFFFFFFFFFFFFFFFFFFFFFFFFFFFFF45
:40FC0000FFFFFFFFFFFFFFFFFFFFFFFFFFFFFFFFFFFFFFFFFFFFFFFFFFFFFFFFFFFFFFFFFFFFFFFFFFFFFFFFFFFFFFFFFFFFFFFFFFFFFFFFFFFFFFFFFFFFFFFFFFFFFFFF04
:40FC4000FFFFFFFFFFFFFFFFFFFFFFFFFFFFFFFFFFFFFFFFFFFFFFFFFFFFFFFFFFFFFFFFFFFFFFFFFFFFFFFFFFFFFFFFFFFFFFFFFFFFFFFFFFFFFFFFFFFFFFFFFFFFFFFFC4
:40FC8000FFFFFFFFFFFFFFFFFFFFFFFFFFFFFFFFFFFFFFFFFFFFFFFFFFFFFFFFFFFFFFFFFFFFFFFFFFFFFFFFFFFFFFFFFFFFFFFFFFFFFFFFFFFFFFFFFFFFFFFFFFFFFFFF84
:40FCC000FFFFFFFFFFFFFFFFFFFFFFFFFFFFFFFFFFFFFFFFFFFFFFFFFFFFFFFFFFFFFFFFFFFFFFFFFFFFFFFFFFFFFFFFFFFFFFFFFFFFFFFFFFFFFFFFFFFFFFFFFFFFFFFF44
:40FD0000FFFFFFFFFFFFFFFFFFFFFFFFFFFFFFFFFFFFFFFFFFFFFFFFFFFFFFFFFFFFFFFFFFFFFFFFFFFFFFFFFFFFFFFFFFFFFFFFFFFFFFFFFFFFFFFFFFFFFFFFFFFFFFFF03
:40FD4000FFFFFFFFFFFFFFFFFFFFFFFFFFFFFFFFFFFFFFFFFFFFFFFFFFFFFFFFFFFFFFFFFFFFFFFFFFFFFFFFFFFFFFFFFFFFFFFFFFFFFFFFFFFFFFFFFFFFFFFFFFFFFFFFC3
:40FD8000FFFFFFFFFFFFFFFFFFFFFFFFFFFFFFFFFFFFFFFFFFFFFFFFFFFFFFFFFFFFFFFFFFFFFFFFFFFFFFFFFFFFFFFFFFFFFFFFFFFFFFFFFFFFFFFFFFFFFFFFFFFFFFFF83
:40FDC000FFFFFFFFFFFFFFFFFFFFFFFFFFFFFFFFFFFFFFFFFFFFFFFFFFFFFFFFFFFFFFFFFFFFFFFFFFFFFFFFFFFFFFFFFFFFFFFFFFFFFFFFFFFFFFFFFFFFFFFFFFFFFFFF43
:40FE0000FFFFFFFFFFFFFFFFFFFFFFFFFFFFFFFFFFFFFFFFFFFFFFFFFFFFFFFFFFFFFFFFFFFFFFFFFFFFFFFFFFFFFFFFFFFFFFFFFFFFFFFFFFFFFFFFFFFFFFFFFFFFFFFF02
:40FE4000FFFFFFFFFFFFFFFFFFFFFFFFC2FFADCAFFDFCBC2DFADC2FFADCCF2F5C2FFADCDFFDFCEC2DFADC2FFADCFF2F5C2FFACAFFFDFA8C2AFACFFDFBCC2FFAFF2F5ADAEDA
:40FE8000FFB6F2F5BEAFABADB3DFBBBDF5FFABF2BEB3FFB7F2F5ACABABBAB2DFADBEB2DFABBAA6ACF5ACC1F2ADAAB3D1BEB6BFB2B6B1BABBA0B9BAB3BEA9C3AFB1DFBBB6A8
:40FEC000B9BAB3DFA9BAAFBEA6DFDFBDCEBDCFD1DFA9B0B2DFADACABABBACEDFD1CFCFCECECDB2BCF2F5B3BBB0ADB3B3B7BA00FEFDEA08F6BA083EEAD7EA08F6BEEEEFEA22
:40FF000008F6001E3EEAC9EA08F6FEEEE1EA08F6051E3EEABBEA08F63EEFD3EA08F60B1E3EEAADEA08F67EEAC5EA08F6101E3EEA9FEA08F67EEAB7EA08F6151E3EEA91EA8C
:40FF400008F67EEAA9EA08F61B1E3EEA83EA08F6F9FF3E9A7EEE97EA08F6201E3EEA71EA08F661E13EE087EA08F6261E3EEA61EA08F64FE13EE077EA08F62A1E3EEA6FEA4A
:40FF800008F67EEFD9EF99EF65EA88FF301E3EEAFBFE301E3DEA59EFFBFCFFFF39DAF6FE3B1E3EEAF1FE3B1E3DEA59EFFBFCFFFF39DAECFE421E3EEAE7FE421E3DEA59EF22
:40FFC000FBFCFFFF39DA27EA88FF6D083EEA81EA88FFDBE908F6FF8F3CEAFDF5B7083EEA8FE908F6750039EAAA808900E06F03FC8B007FFF20CAD1FF3F6AE9FDFBDFBFEB9E
:020000040001F9
:40000000F6EEE5FDFCDFBFED36EFE1FDFDDFBFED76EFDFFF3A6AFBF555AA3CEAAA553DEA7F003EEA0AFE8900E06F03FC8B007FFF20CAF8FCFFFFE85FBF6B9D1E3EEAFFFF09
:2000400039EA1FFB4D1F1FFB611F1FFB751FF9FE0003FFFFFFFFFF00FFFFFFFFFFFFFFFFC2
:04000005000002995C
:00000001FF
